{"loss": [0.7347501516342163, 0.7163549661636353, 0.7019166946411133, 0.653414785861969, 0.5822532176971436, 0.5415568351745605, 0.5157362818717957, 0.490489661693573, 0.46759364008903503, 0.4539828300476074, 0.4440574645996094, 0.43723368644714355, 0.4328364431858063, 0.42792463302612305, 0.42480456829071045, 0.4207594096660614, 0.4168897569179535, 0.41254690289497375, 0.4089064598083496, 0.4052239954471588, 0.4033567011356354, 0.39899834990501404, 0.3954163193702698, 0.39362233877182007, 0.39186179637908936, 0.38990023732185364, 0.3872148394584656, 0.3858402967453003, 0.3834052085876465, 0.38301944732666016], "sensitivity": [0.0, 0.0002955770178232342, 0.007847478613257408, 0.08548314869403839, 0.27489933371543884, 0.3777325749397278, 0.4211597144603729, 0.4336775839328766, 0.45171403884887695, 0.4666885733604431, 0.4789644777774811, 0.489460825920105, 0.4969578683376312, 0.5031018257141113, 0.5080873966217041, 0.5126071572303772, 0.5155314803123474, 0.5216119289398193, 0.5239939093589783, 0.5308694839477539, 0.5302456617355347, 0.5350548624992371, 0.5403802990913391, 0.5425410866737366, 0.5466372966766357, 0.5498613119125366, 0.5525186657905579, 0.5545901656150818, 0.5569704174995422, 0.5573822259902954], "specificity": [0.9999781250953674, 0.9997618198394775, 0.996627926826477, 0.9883800148963928, 0.9680798649787903, 0.9581102132797241, 0.9565261602401733, 0.9620192050933838, 0.9650918245315552, 0.9655659794807434, 0.9653458595275879, 0.9650129079818726, 0.9645645618438721, 0.9643946290016174, 0.9643046259880066, 0.9643151760101318, 0.964734673500061, 0.9645383954048157, 0.9651678204536438, 0.9646586775779724, 0.9652557373046875, 0.9654875993728638, 0.965462327003479, 0.9654662609100342, 0.9651585221290588, 0.9649062156677246, 0.9652209877967834, 0.9652017951011658, 0.9653830528259277, 0.9654258489608765], "accuracy": [0.9258577227592468, 0.9256950616836548, 0.9233642816543579, 0.9216609597206116, 0.9170331954956055, 0.9154179692268372, 0.9171169400215149, 0.9231839776039124, 0.927291989326477, 0.9289408326148987, 0.9296193718910217, 0.9301068186759949, 0.9302539229393005, 0.9305588006973267, 0.9308053255081177, 0.9312058687210083, 0.9318690896034241, 0.9321672320365906, 0.9328935742378235, 0.9329671859741211, 0.9334326982498169, 0.9340134859085083, 0.9344100952148438, 0.9345228672027588, 0.9345673322677612, 0.9345639944076538, 0.9350290894508362, 0.9351863265037537, 0.9355762600898743, 0.9355918169021606], "val_loss": [0.7619013786315918, 0.7526546120643616, 0.738692581653595, 0.6616137623786926, 0.623862624168396, 0.604447066783905, 0.5884790420532227, 0.5813267827033997, 0.5596275925636292, 0.5645284056663513, 0.5585309267044067, 0.5524805188179016, 0.5479039549827576, 0.5540603399276733, 0.5462043881416321, 0.5504059195518494, 0.5441110730171204, 0.5445349216461182, 0.5430024862289429, 0.5319432020187378, 0.5351945757865906, 0.5306528210639954, 0.5277849435806274, 0.5316258072853088, 0.5258139967918396, 0.5301733016967773, 0.5269919037818909, 0.5201093554496765, 0.5216934084892273, 0.5226494073867798], "val_sensitivity": [0.0, 0.0006011208170093596, 0.039865802973508835, 0.20064625144004822, 0.35035598278045654, 0.39936399459838867, 0.4364379048347473, 0.4963337779045105, 0.4438568651676178, 0.505815327167511, 0.5019717812538147, 0.4891858994960785, 0.4771295189857483, 0.519378125667572, 0.5011269450187683, 0.5345075726509094, 0.5174825191497803, 0.5321012139320374, 0.5426521301269531, 0.4870665967464447, 0.5342712998390198, 0.5266755223274231, 0.5192520618438721, 0.5516868829727173, 0.5321224331855774, 0.559038519859314, 0.5466886162757874, 0.5210850238800049, 0.5249142646789551, 0.5372191071510315], "val_specificity": [1.0, 0.9995235204696655, 0.9948623180389404, 0.9731208682060242, 0.9482454657554626, 0.9421296119689941, 0.9405232071876526, 0.9312098026275635, 0.9485467076301575, 0.9335634112358093, 0.9363794326782227, 0.9409396052360535, 0.9452374577522278, 0.9335055351257324, 0.9403688311576843, 0.9314435720443726, 0.937548041343689, 0.9344822764396667, 0.9325971603393555, 0.948138952255249, 0.9372057318687439, 0.9403059482574463, 0.9428835511207581, 0.9348187446594238, 0.9405755400657654, 0.9339851140975952, 0.9374671578407288, 0.9452252388000488, 0.943693220615387, 0.9405301809310913], "val_accuracy": [0.9430681467056274, 0.9426447749137878, 0.9405361413955688, 0.9296080470085144, 0.9147537350654602, 0.9118979573249817, 0.9125269055366516, 0.9074254035949707, 0.9206570982933044, 0.9101278185844421, 0.9125012755393982, 0.9160338044166565, 0.9195148348808289, 0.9107721447944641, 0.9162966012954712, 0.909885585308075, 0.9146023988723755, 0.9125930666923523, 0.9114240407943726, 0.922857403755188, 0.915144681930542, 0.9177116751670837, 0.9196776151657104, 0.9138493537902832, 0.9180776476860046, 0.9137036800384521, 0.9161920547485352, 0.9219637513160706, 0.9210827350616455, 0.9183977842330933]}