{"loss": [0.7400044202804565, 0.7215870022773743, 0.6838016510009766, 0.5967838168144226, 0.5434316396713257, 0.5169920921325684, 0.491953045129776, 0.46949923038482666, 0.4543515741825104, 0.4461073875427246, 0.4386359453201294, 0.4329528212547302, 0.4283072054386139, 0.4241079092025757, 0.42040666937828064, 0.41672810912132263, 0.4137471318244934, 0.4109998345375061, 0.409321129322052, 0.4078669548034668, 0.4056575894355774, 0.40414443612098694, 0.4027822017669678, 0.4017898738384247, 0.4001866281032562, 0.3996323049068451, 0.39810046553611755, 0.39736518263816833, 0.396738737821579, 0.39605289697647095, 0.39525097608566284, 0.39469587802886963, 0.3949437141418457, 0.39423877000808716, 0.3937404453754425, 0.39327678084373474, 0.3925144672393799, 0.39195090532302856, 0.3913106620311737, 0.39203307032585144, 0.39131471514701843, 0.39042559266090393, 0.3909315764904022, 0.3899683952331543, 0.3893326222896576, 0.38854023814201355, 0.3884531855583191, 0.38843315839767456, 0.3880275785923004, 0.38808372616767883, 0.3873825967311859, 0.3879148066043854, 0.38722530007362366, 0.3870423436164856, 0.38624975085258484, 0.3862183690071106, 0.38582468032836914, 0.38520726561546326, 0.3853472173213959, 0.38525626063346863, 0.38506054878234863, 0.3846629858016968, 0.38445889949798584, 0.38433676958084106, 0.38383492827415466, 0.3836275637149811, 0.38360124826431274, 0.3833768367767334, 0.38309210538864136, 0.38257062435150146, 0.38244473934173584, 0.3827473521232605, 0.3819010853767395, 0.3818756937980652, 0.38168230652809143, 0.38130125403404236, 0.3816312551498413, 0.3810582160949707, 0.3814104497432709, 0.3809193968772888], "sensitivity": [0.013365228660404682, 0.00017088264576159418, 0.03903726115822792, 0.25250643491744995, 0.3900707960128784, 0.43462908267974854, 0.44629648327827454, 0.45857372879981995, 0.47552037239074707, 0.48746976256370544, 0.49654248356819153, 0.5040855407714844, 0.5094428658485413, 0.5144532918930054, 0.5195263624191284, 0.5236642956733704, 0.528355062007904, 0.5301651954650879, 0.532893180847168, 0.5349060297012329, 0.5376631021499634, 0.5395825505256653, 0.5421528816223145, 0.5436046719551086, 0.5454972386360168, 0.5460844039916992, 0.547157883644104, 0.5486981868743896, 0.548713743686676, 0.5499851107597351, 0.5520479679107666, 0.551920473575592, 0.5541649460792542, 0.5535275936126709, 0.5555041432380676, 0.5551987886428833, 0.556483268737793, 0.556320071220398, 0.5570759773254395, 0.5572210550308228, 0.5575978755950928, 0.5588247179985046, 0.5600305199623108, 0.5599510073661804, 0.5603667497634888, 0.5609126687049866, 0.5619236826896667, 0.5621205568313599, 0.5622833967208862, 0.5624715089797974, 0.5642331838607788, 0.5624348521232605, 0.5635525584220886, 0.564978837966919, 0.5645310878753662, 0.5653761029243469, 0.564915657043457, 0.5661931037902832, 0.5660251975059509, 0.5657556653022766, 0.5665678977966309, 0.56782066822052, 0.5665000081062317, 0.5671448707580566, 0.5681361556053162, 0.5683580636978149, 0.5681203603744507, 0.5687166452407837, 0.5687037110328674, 0.5686488151550293, 0.5696316957473755, 0.569704532623291, 0.5700540542602539, 0.57036954164505, 0.5710515975952148, 0.5703946352005005, 0.571575403213501, 0.5711209177970886, 0.5711410045623779, 0.571730375289917], "specificity": [0.9885870218276978, 0.9999087452888489, 0.9940221905708313, 0.9678335189819336, 0.9556965231895447, 0.9546576738357544, 0.9597867727279663, 0.9640089273452759, 0.9648997187614441, 0.9646695256233215, 0.9648341536521912, 0.9647239446640015, 0.9649251103401184, 0.9650373458862305, 0.9650087356567383, 0.9651809930801392, 0.9651205539703369, 0.965384840965271, 0.9652798771858215, 0.9652383923530579, 0.9652684330940247, 0.9653885364532471, 0.9653559327125549, 0.9653257131576538, 0.9652612209320068, 0.965312659740448, 0.9655712246894836, 0.9654809236526489, 0.9656000137329102, 0.9656307101249695, 0.9654601812362671, 0.9655168056488037, 0.9650949239730835, 0.965434193611145, 0.9651908874511719, 0.9654248952865601, 0.9653321504592896, 0.9654650092124939, 0.9655911326408386, 0.9652714133262634, 0.9655103087425232, 0.9654973745346069, 0.9651010632514954, 0.9654521346092224, 0.9655250310897827, 0.965604305267334, 0.9654573202133179, 0.9654573798179626, 0.9654796719551086, 0.965482234954834, 0.9653758406639099, 0.965499758720398, 0.965503990650177, 0.9653703570365906, 0.9656316637992859, 0.9654906988143921, 0.965628981590271, 0.9656211137771606, 0.9655200839042664, 0.965745747089386, 0.9655388593673706, 0.9654906988143921, 0.9657394886016846, 0.9655916094779968, 0.9656671285629272, 0.9657073020935059, 0.965763509273529, 0.9655687212944031, 0.9657048583030701, 0.9658276438713074, 0.9657743573188782, 0.96563321352005, 0.9657803177833557, 0.9657421708106995, 0.9657106995582581, 0.9658343195915222, 0.9656214118003845, 0.965817928314209, 0.9656823873519897, 0.9656925797462463], "accuracy": [0.9213883876800537, 0.9309083819389343, 0.9281870126724243, 0.9186005592346191, 0.916828453540802, 0.9189245104789734, 0.9245097041130066, 0.9292352199554443, 0.9312235713005066, 0.9318012595176697, 0.9326059222221375, 0.9330205917358398, 0.9335988759994507, 0.9340142011642456, 0.9343529939651489, 0.9348223805427551, 0.9350610971450806, 0.9354502558708191, 0.9355344176292419, 0.9356631636619568, 0.935900092124939, 0.9360953569412231, 0.9362233281135559, 0.9363152980804443, 0.936410129070282, 0.9365098476409912, 0.9367932677268982, 0.9368144869804382, 0.936928391456604, 0.9370346069335938, 0.9370301961898804, 0.9370614886283875, 0.936876118183136, 0.9371004104614258, 0.937042236328125, 0.937217116355896, 0.9372302889823914, 0.9373453259468079, 0.9374942183494568, 0.9372373819351196, 0.9374281167984009, 0.9375280141830444, 0.9372759461402893, 0.9375696778297424, 0.9376607537269592, 0.9377886652946472, 0.9377386569976807, 0.9377251863479614, 0.937792181968689, 0.9377719759941101, 0.9378126263618469, 0.9378005266189575, 0.9378632307052612, 0.9378385543823242, 0.9380617141723633, 0.9379718899726868, 0.9380748867988586, 0.9381639361381531, 0.9380658864974976, 0.9382169842720032, 0.9381116032600403, 0.9381595253944397, 0.9382880926132202, 0.9382188320159912, 0.9383214116096497, 0.9383777976036072, 0.9384064674377441, 0.9383049011230469, 0.93839430809021, 0.9385319352149963, 0.9385221600532532, 0.9384268522262573, 0.9385725259780884, 0.9385623335838318, 0.9385622143745422, 0.9386681318283081, 0.9385431408882141, 0.9386812448501587, 0.938578724861145, 0.938613772392273],