{"loss": [0.6961893439292908, 0.42522132396698, 0.38122501969337463, 0.3618873953819275, 0.3486153483390808, 0.33453240990638733, 0.3325749933719635, 0.3286765515804291, 0.32238009572029114, 0.3201937675476074, 0.30604100227355957, 0.2997695803642273, 0.30098554491996765, 0.29202672839164734, 0.2950095236301422, 0.287217378616333, 0.2891765534877777, 0.2859937250614166, 0.28153589367866516, 0.27974072098731995, 0.28208523988723755, 0.2682940363883972, 0.2724800705909729, 0.2712136209011078, 0.27108362317085266, 0.26856857538223267, 0.26357772946357727, 0.2641730010509491, 0.26043933629989624, 0.26053860783576965], "sensitivity": [0.06317093968391418, 0.5511671304702759, 0.5780417323112488, 0.5910667181015015, 0.6031104922294617, 0.6209703087806702, 0.6170305013656616, 0.623020589351654, 0.626565158367157, 0.6309056878089905, 0.6462925672531128, 0.6534127593040466, 0.649695873260498, 0.6562399864196777, 0.6592891812324524, 0.6630368232727051, 0.664032518863678, 0.6667273640632629, 0.6737192869186401, 0.6744588613510132, 0.6705598831176758, 0.6837370991706848, 0.6798492670059204, 0.6806477904319763, 0.6826096177101135, 0.6847834587097168, 0.692048192024231, 0.6920214891433716, 0.6966922283172607, 0.6954017877578735], "specificity": [0.9859395623207092, 0.9580744504928589, 0.964841365814209, 0.9677971005439758, 0.9696016907691956, 0.9701235890388489, 0.9719759821891785, 0.9713535308837891, 0.9730331301689148, 0.973175585269928, 0.9738437533378601, 0.9749048352241516, 0.9755021333694458, 0.9763688445091248, 0.9761421084403992, 0.9772690534591675, 0.9767248034477234, 0.9762656092643738, 0.9769530296325684, 0.9766146540641785, 0.9771029353141785, 0.9779942631721497, 0.978351354598999, 0.9779104590415955, 0.9783145189285278, 0.9787102341651917, 0.9784238934516907, 0.9778428077697754, 0.9781256318092346, 0.9784517884254456], "accuracy": [0.9239419102668762, 0.9318775534629822, 0.9395614266395569, 0.9431712031364441, 0.9455224871635437, 0.9472505450248718, 0.948678731918335, 0.9483608603477478, 0.9511836767196655, 0.9513991475105286, 0.9523980617523193, 0.9539290070533752, 0.9547691345214844, 0.9556483626365662, 0.956303060054779, 0.9574273824691772, 0.9573234915733337, 0.9564507007598877, 0.9579248428344727, 0.9574087262153625, 0.9576583504676819, 0.9591962099075317, 0.9596256613731384, 0.9590979814529419, 0.9596282243728638, 0.9602585434913635, 0.9603400826454163, 0.9592546820640564, 0.9599893689155579, 0.9602917432785034], "val_loss": [0.4624062776565552, 0.39273369312286377, 0.36573725938796997, 0.37024155259132385, 0.3515079915523529, 0.35081905126571655, 0.32193461060523987, 0.320028692483902, 0.3181265592575073, 0.3134581446647644, 0.30477824807167053, 0.29902446269989014, 0.2942531108856201, 0.2880716323852539, 0.29011082649230957, 0.28792133927345276, 0.2879895567893982, 0.2817799150943756, 0.273411363363266, 0.2713361978530884, 0.2891438901424408, 0.2767563760280609, 0.278321236371994, 0.2759760618209839, 0.26909756660461426, 0.2727854549884796, 0.25841742753982544, 0.2576046586036682, 0.27651292085647583, 0.26234784722328186], "val_sensitivity": [0.605800986289978, 0.6220673322677612, 0.5583488345146179, 0.497261643409729, 0.6114577651023865, 0.5006672143936157, 0.642822265625, 0.5666008591651917, 0.6153308153152466, 0.6847602725028992, 0.5780285000801086, 0.6152332425117493, 0.6477173566818237, 0.6601172089576721, 0.6308259963989258, 0.6704537272453308, 0.613945484161377, 0.6880399584770203, 0.7099304795265198, 0.6551230549812317, 0.702464759349823, 0.6624188423156738, 0.7020807862281799, 0.65509432554245, 0.7149228453636169, 0.7000922560691833, 0.6976726055145264, 0.6772023439407349, 0.7219982147216797, 0.6362802386283875], "val_specificity": [0.9393758773803711, 0.9545647501945496, 0.9715721011161804, 0.9823631644248962, 0.969635546207428, 0.9851655960083008, 0.9716349244117737, 0.9825406074523926, 0.9772615432739258, 0.9689629673957825, 0.9838553071022034, 0.9804000854492188, 0.977092981338501, 0.9773657321929932, 0.9807661175727844, 0.976840078830719, 0.9827585220336914, 0.9750869274139404, 0.9740660786628723, 0.9809736013412476, 0.9728195071220398, 0.9805938601493835, 0.9760814905166626, 0.9821596145629883, 0.9756155014038086, 0.9757298231124878, 0.9797906875610352, 0.9817646741867065, 0.9732725024223328, 0.9844028353691101], "val_accuracy": [0.9192023277282715, 0.9335669279098511, 0.9446389079093933, 0.9511984586715698, 0.9479905962944031, 0.9539839029312134, 0.9510615468025208, 0.9567181468009949, 0.955112636089325, 0.9513404965400696, 0.9578497409820557, 0.9577041268348694, 0.955989420413971, 0.9575442671775818, 0.9590449333190918, 0.9579920172691345, 0.9590948820114136, 0.9567243456840515, 0.9574950933456421, 0.9608901739120483, 0.9567611813545227, 0.9614928960800171, 0.9600381255149841, 0.9628575444221497, 0.9596875905990601, 0.9586180448532104, 0.963018536567688, 0.9623053669929504, 0.9585677981376648, 0.9616004228591919]}