{"loss": [0.6713646054267883, 0.4867943823337555, 0.38140925765037537, 0.3412143886089325, 0.3247801959514618, 0.30995237827301025, 0.30200862884521484, 0.292925626039505, 0.2849330008029938, 0.277387410402298, 0.2728254199028015, 0.2656463384628296, 0.26327818632125854, 0.2610998749732971, 0.2558063566684723, 0.2525181770324707, 0.24962776899337769, 0.24832290410995483, 0.2441837042570114, 0.2422730028629303, 0.24072778224945068, 0.23817330598831177, 0.23760104179382324, 0.23473596572875977, 0.23388126492500305, 0.23123660683631897, 0.22934846580028534, 0.22871771454811096, 0.22649207711219788, 0.22516034543514252], "sensitivity": [0.1381600797176361, 0.4789331555366516, 0.5892906188964844, 0.6330839991569519, 0.6508341431617737, 0.6642467975616455, 0.6721145510673523, 0.6814011335372925, 0.6872052550315857, 0.695552408695221, 0.6996869444847107, 0.7067620158195496, 0.7093138694763184, 0.7126050591468811, 0.7156955599784851, 0.7193651795387268, 0.7215942144393921, 0.7225635051727295, 0.7259460687637329, 0.7269380688667297, 0.7271353602409363, 0.7294138669967651, 0.7291479706764221, 0.7312831878662109, 0.731366753578186, 0.7329612970352173, 0.7329481244087219, 0.7331573367118835, 0.7341580390930176, 0.7342307567596436], "specificity": [0.97218918800354, 0.9492791891098022, 0.9623615741729736, 0.966552734375, 0.968116283416748, 0.9698015451431274, 0.9707483053207397, 0.9717784523963928, 0.9731647968292236, 0.9738976359367371, 0.9745487570762634, 0.975245475769043, 0.9755649566650391, 0.9755992889404297, 0.9764701128005981, 0.9766575694084167, 0.9770703315734863, 0.9772427678108215, 0.9777188301086426, 0.9780036807060242, 0.9783051013946533, 0.9785386919975281, 0.9786815643310547, 0.9790496230125427, 0.9792376756668091, 0.9795640707015991, 0.979886531829834, 0.9800189733505249, 0.9803570508956909, 0.980593740940094], "accuracy": [0.9144850969314575, 0.9168156981468201, 0.9366435408592224, 0.9435535669326782, 0.9462665319442749, 0.9487963914871216, 0.9501891136169434, 0.9517961144447327, 0.953472375869751, 0.9547380805015564, 0.9555963277816772, 0.9567708969116211, 0.957190752029419, 0.9575002789497375, 0.9584903120994568, 0.9589779376983643, 0.9594981074333191, 0.9597031474113464, 0.9604235887527466, 0.9607315063476562, 0.9610417485237122, 0.9614384770393372, 0.961555004119873, 0.962003231048584, 0.9621859192848206, 0.9626222848892212, 0.9629518389701843, 0.9630696177482605, 0.9634562730789185, 0.9637106657028198], "val_loss": [0.5846682190895081, 0.4188987612724304, 0.3544350862503052, 0.3214492201805115, 0.3091418743133545, 0.29928073287010193, 0.2878664433956146, 0.2903125286102295, 0.2729349434375763, 0.26974210143089294, 0.26161351799964905, 0.25527116656303406, 0.26330941915512085, 0.24905341863632202, 0.24808251857757568, 0.2465433031320572, 0.24268397688865662, 0.23842951655387878, 0.23948988318443298, 0.2364712655544281, 0.23191605508327484, 0.23470552265644073, 0.2362494170665741, 0.22806285321712494, 0.22472678124904633, 0.22679190337657928, 0.22394141554832458, 0.22100503742694855, 0.21958981454372406, 0.21735979616641998], "val_sensitivity": [0.5238382816314697, 0.5756033062934875, 0.5503095388412476, 0.6385918855667114, 0.6841856241226196, 0.7066501379013062, 0.6766653656959534, 0.6250017881393433, 0.7178985476493835, 0.6915132403373718, 0.7351807355880737, 0.7150814533233643, 0.7776966094970703, 0.714393138885498, 0.7437343597412109, 0.6796464323997498, 0.7472463250160217, 0.7290833592414856, 0.7421565055847168, 0.7407951951026917, 0.7132610082626343, 0.7229084968566895, 0.7887343764305115, 0.7525652647018433, 0.7562859654426575, 0.7151281237602234, 0.7088133692741394, 0.7292489409446716, 0.7150095105171204, 0.7654662132263184], "val_specificity": [0.8871196508407593, 0.9511436223983765, 0.9763616919517517, 0.9705395102500916, 0.966571569442749, 0.9657617807388306, 0.9732990860939026, 0.9804256558418274, 0.9713178277015686, 0.9759486317634583, 0.9719029068946838, 0.9762691259384155, 0.9650459885597229, 0.9778549075126648, 0.9740736484527588, 0.9830173850059509, 0.9748421311378479, 0.9783375859260559, 0.9763843417167664, 0.9770693182945251, 0.9817479252815247, 0.9799295663833618, 0.9707379937171936, 0.9773827791213989, 0.977699339389801, 0.9825556874275208, 0.9838172793388367, 0.9818982481956482, 0.9839271306991577, 0.9780458211898804], "val_accuracy": [0.8620998859405518, 0.9251394271850586, 0.9467099905014038, 0.9474772810935974, 0.946986734867096, 0.9477880001068115, 0.9526910185813904, 0.9557034373283386, 0.9537314176559448, 0.956188976764679, 0.9554945826530457, 0.9581357836723328, 0.9521062970161438, 0.9595453143119812, 0.9581319689750671, 0.9618958234786987, 0.9590880870819092, 0.9610567688941956, 0.9601465463638306, 0.9607185125350952, 0.9631032347679138, 0.9621070027351379, 0.9581502079963684, 0.9618302583694458, 0.9623721241950989, 0.9640117883682251, 0.9647749066352844, 0.9643749594688416, 0.965265154838562, 0.9633515477180481]}