{"loss": [0.5758200883865356, 0.3678974211215973, 0.33236342668533325, 0.3066389560699463, 0.2922905385494232, 0.28138482570648193, 0.2735408842563629, 0.26710495352745056, 0.2640720307826996, 0.2596217393875122, 0.2540668547153473, 0.2535661458969116, 0.2479301393032074, 0.24549289047718048, 0.24270091950893402, 0.24044479429721832, 0.240220308303833, 0.23643775284290314, 0.23402415215969086, 0.2331206500530243, 0.2330261468887329, 0.22951515018939972, 0.22905942797660828, 0.22793790698051453, 0.2264021337032318, 0.22471696138381958, 0.2243167608976364, 0.22234176099300385, 0.22121866047382355, 0.22163841128349304], "sensitivity": [0.2963789999485016, 0.5898800492286682, 0.6314333081245422, 0.6617874503135681, 0.6765276193618774, 0.6878117918968201, 0.6969131827354431, 0.7042333483695984, 0.707202136516571, 0.7121832370758057, 0.7178908586502075, 0.7185633182525635, 0.723713755607605, 0.7274844646453857, 0.730689287185669, 0.7320204973220825, 0.7333143949508667, 0.7364107966423035, 0.7390021085739136, 0.7403402924537659, 0.7410527467727661, 0.7436670064926147, 0.7446795105934143, 0.7458674311637878, 0.7464330196380615, 0.7486805319786072, 0.7487914562225342, 0.7505584955215454, 0.7514697313308716, 0.7513706088066101], "specificity": [0.9647745490074158, 0.9671773910522461, 0.9696729779243469, 0.971451461315155, 0.9730611443519592, 0.9740292429924011, 0.9748376607894897, 0.9753592014312744, 0.9756999611854553, 0.9761373996734619, 0.9766987562179565, 0.9768692255020142, 0.9775868654251099, 0.977614164352417, 0.9779084920883179, 0.9782025814056396, 0.9781736135482788, 0.978648841381073, 0.9788538813591003, 0.9788634181022644, 0.9788002371788025, 0.9792566299438477, 0.9792563319206238, 0.9793509840965271, 0.9796338081359863, 0.9798294305801392, 0.9798097610473633, 0.9800506234169006, 0.9801600575447083, 0.9800787568092346], "accuracy": [0.9184912443161011, 0.9412289261817932, 0.9465492367744446, 0.9502866864204407, 0.9527410864830017, 0.9544470906257629, 0.9558022618293762, 0.956810712814331, 0.9573501944541931, 0.95811527967453, 0.9590275883674622, 0.9592400193214417, 0.9602423310279846, 0.9605395197868347, 0.9609901309013367, 0.9613690972328186, 0.9614181518554688, 0.9621042013168335, 0.9624443650245667, 0.962609052658081, 0.9625962972640991, 0.963148832321167, 0.9632260203361511, 0.9634057283401489, 0.9637324213981628, 0.964061439037323, 0.9640458226203918, 0.9643861651420593, 0.9645495414733887, 0.9645094275474548], "val_loss": [0.38930341601371765, 0.3398720622062683, 0.30772191286087036, 0.29134976863861084, 0.29071173071861267, 0.2667383551597595, 0.2616584897041321, 0.25772058963775635, 0.2531760036945343, 0.2491823136806488, 0.24917374551296234, 0.23959356546401978, 0.2413468211889267, 0.23723989725112915, 0.23401816189289093, 0.2310800850391388, 0.22892101109027863, 0.2303348332643509, 0.22574880719184875, 0.22484484314918518, 0.22272989153862, 0.2221011370420456, 0.21947315335273743, 0.22178198397159576, 0.22709491848945618, 0.22192102670669556, 0.2146635204553604, 0.2149069756269455, 0.21319058537483215, 0.2167654186487198], "val_sensitivity": [0.612384021282196, 0.6812785267829895, 0.6599023938179016, 0.6252856254577637, 0.7518709897994995, 0.709313154220581, 0.707337498664856, 0.7366624474525452, 0.7327749133110046, 0.7019134163856506, 0.717936098575592, 0.7317374348640442, 0.7682376503944397, 0.7644371390342712, 0.7039237022399902, 0.7497241497039795, 0.7636604905128479, 0.7787585854530334, 0.7579862475395203, 0.7538347244262695, 0.7384597063064575, 0.7209289073944092, 0.7381991147994995, 0.7161607146263123, 0.8070539236068726, 0.754724383354187, 0.7452532052993774, 0.7543706297874451, 0.7388434410095215, 0.7851135730743408], "val_specificity": [0.958962082862854, 0.9589763283729553, 0.9708324074745178, 0.980120837688446, 0.9615240097045898, 0.9741542339324951, 0.9756221771240234, 0.9727463722229004, 0.9743502736091614, 0.9795947670936584, 0.9773657321929932, 0.9777960777282715, 0.9726260900497437, 0.9741090536117554, 0.9825414419174194, 0.977580726146698, 0.97630774974823, 0.9740020036697388, 0.97774738073349, 0.9784253835678101, 0.9808510541915894, 0.9831207394599915, 0.9815772175788879, 0.9836461544036865, 0.9711581468582153, 0.978967547416687, 0.9817551970481873, 0.9807104468345642, 0.9827917814254761, 0.9764639735221863], "val_accuracy": [0.9346618056297302, 0.9395620226860046, 0.9490794539451599, 0.9552591443061829, 0.9469320178031921, 0.9556519389152527, 0.9568821787834167, 0.9562958478927612, 0.9575161337852478, 0.9601991176605225, 0.9592686295509338, 0.9606303572654724, 0.9584141373634338, 0.9595189094543457, 0.9630694389343262, 0.9617033004760742, 0.9614996910095215, 0.9604235291481018, 0.9624474048614502, 0.9627654552459717, 0.9639497399330139, 0.9648059606552124, 0.9645957350730896, 0.9649496674537659, 0.9597792029380798, 0.9633747339248657, 0.965265691280365, 0.9649327397346497, 0.9657816886901855, 0.9631470441818237]}