{"loss": [0.7128480076789856, 0.5115439295768738, 0.42765551805496216, 0.39392656087875366, 0.371477872133255, 0.35647663474082947, 0.3430561423301697, 0.33364564180374146, 0.3246559500694275, 0.3168581426143646, 0.31089717149734497, 0.3051181733608246, 0.2996080219745636, 0.29527944326400757, 0.29112228751182556, 0.2873997986316681, 0.2840253710746765, 0.2813551127910614, 0.2780102789402008, 0.2758181095123291, 0.2733708322048187, 0.2701282501220703, 0.26816773414611816, 0.26636260747909546, 0.26443588733673096, 0.2628788948059082, 0.26115038990974426, 0.2591279149055481, 0.257367342710495, 0.2559966742992401], "sensitivity": [0.03344849869608879, 0.4301411211490631, 0.5170527696609497, 0.5479887127876282, 0.5706223249435425, 0.5863766670227051, 0.597828209400177, 0.6089254021644592, 0.6176019906997681, 0.6241609454154968, 0.6315916776657104, 0.6377031207084656, 0.6440145969390869, 0.6483224630355835, 0.6542530655860901, 0.6578284502029419, 0.6618625521659851, 0.6664779186248779, 0.6686823964118958, 0.6730520129203796, 0.6754986047744751, 0.6786454319953918, 0.6816871166229248, 0.6848228573799133, 0.6861722469329834, 0.6891342997550964, 0.6915847063064575, 0.6944677233695984, 0.6957365274429321, 0.699213445186615], "specificity": [0.9731500148773193, 0.959958553314209, 0.9670343995094299, 0.9702944755554199, 0.971592366695404, 0.9725085496902466, 0.9737929701805115, 0.9741479754447937, 0.9750073552131653, 0.9758589267730713, 0.9760848879814148, 0.976590096950531, 0.9769574403762817, 0.9773446917533875, 0.9774765968322754, 0.9778066873550415, 0.9779882431030273, 0.9779804944992065, 0.9783721566200256, 0.9783006310462952, 0.9785229563713074, 0.9788580536842346, 0.9788352847099304, 0.9788522720336914, 0.9790958762168884, 0.9790698885917664, 0.979120671749115, 0.9792104959487915, 0.9793959856033325, 0.9792895317077637], "accuracy": [0.9080115556716919, 0.9232637882232666, 0.9359389543533325, 0.9412135481834412, 0.9439666271209717, 0.9458948969841003, 0.9479395747184753, 0.9490081071853638, 0.9504172205924988, 0.9516899585723877, 0.9524078965187073, 0.9533031582832336, 0.9541023969650269, 0.954688549041748, 0.9552293419837952, 0.9558113813400269, 0.9562554955482483, 0.956574022769928, 0.957129716873169, 0.9573484063148499, 0.9576709866523743, 0.9582274556159973, 0.9584319591522217, 0.9586386680603027, 0.9589630365371704, 0.9591602683067322, 0.9593822360038757, 0.959659993648529, 0.9599290490150452, 0.9600505232810974], "val_loss": [0.6027300357818604, 0.4803522527217865, 0.39764267206192017, 0.3439064621925354, 0.33066803216934204, 0.31809577345848083, 0.30300289392471313, 0.2925834655761719, 0.2867397665977478, 0.28283095359802246, 0.276787668466568, 0.27279114723205566, 0.26880761981010437, 0.2638553977012634, 0.2607591152191162, 0.2582088112831116, 0.2574625015258789, 0.25567519664764404, 0.2634963095188141, 0.2524064779281616, 0.2502391040325165, 0.24996720254421234, 0.24634897708892822, 0.2458001673221588, 0.2470780909061432, 0.2444126307964325, 0.2461063116788864, 0.2399497777223587, 0.24028362333774567, 0.23779460787773132], "val_sensitivity": [0.06486557424068451, 0.3470337390899658, 0.4628995954990387, 0.5755825042724609, 0.5858640670776367, 0.6015949249267578, 0.6446940302848816, 0.6874417066574097, 0.695350170135498, 0.7171871662139893, 0.7256566286087036, 0.7016302347183228, 0.7015619277954102, 0.7127495408058167, 0.7032026648521423, 0.7274678349494934, 0.7356346249580383, 0.7505964636802673, 0.7824491262435913, 0.7312517762184143, 0.7469172477722168, 0.7616451978683472, 0.7498897314071655, 0.7602065801620483, 0.7780793309211731, 0.767297625541687, 0.7826674580574036, 0.7574402093887329, 0.771278977394104, 0.7555365562438965], "val_specificity": [0.9983040690422058, 0.9899901747703552, 0.9853564500808716, 0.9772003293037415, 0.9789396524429321, 0.9793117642402649, 0.9759979248046875, 0.9718101024627686, 0.9722276329994202, 0.9700746536254883, 0.9703464508056641, 0.9748353958129883, 0.9758233428001404, 0.9753490686416626, 0.977371871471405, 0.9746482372283936, 0.9739817976951599, 0.9724651575088501, 0.9664729833602905, 0.9758647084236145, 0.974236011505127, 0.9724147319793701, 0.9749034643173218, 0.9737289547920227, 0.9711510539054871, 0.973060131072998, 0.9709600806236267, 0.9754086136817932, 0.9735930562019348, 0.9761400818824768], "val_accuracy": [0.9334362745285034, 0.9455493092536926, 0.9493260383605957, 0.9495826363563538, 0.9519163966178894, 0.9533645510673523, 0.9532608389854431, 0.9523494243621826, 0.9532895088195801, 0.9527928233146667, 0.9536256194114685, 0.9561565518379211, 0.9570727944374084, 0.957399845123291, 0.9586091637611389, 0.9577674269676208, 0.9577088952064514, 0.9573394656181335, 0.9539763927459717, 0.9591849446296692, 0.9587311148643494, 0.9580693244934082, 0.9595749974250793, 0.9591900706291199, 0.9580234885215759, 0.9590450525283813, 0.9581801891326904, 0.9605715274810791, 0.9598280787467957, 0.9611129760742188]}