{"loss": [0.7205135226249695, 0.6266190409660339, 0.48464319109916687, 0.41789379715919495, 0.38832786679267883, 0.3685760498046875, 0.3542967140674591, 0.3436134159564972, 0.334578275680542, 0.3269561529159546, 0.31832778453826904, 0.3126096725463867, 0.3059369623661041, 0.30109769105911255, 0.29658618569374084, 0.29213470220565796, 0.28829655051231384, 0.2843764126300812, 0.2812891900539398, 0.2783559262752533, 0.27574631571769714, 0.2731238007545471, 0.2707023620605469, 0.26847293972969055, 0.2666870057582855, 0.26471850275993347, 0.2628259062767029, 0.2613678276538849, 0.25961971282958984, 0.2582547068595886], "sensitivity": [0.0036720235366374254, 0.16481587290763855, 0.4934290945529938, 0.5558507442474365, 0.5883192420005798, 0.6078101992607117, 0.6219404935836792, 0.6324266791343689, 0.6435153484344482, 0.6497714519500732, 0.6591780781745911, 0.664621889591217, 0.6709295511245728, 0.6755423545837402, 0.6805081367492676, 0.6844890713691711, 0.6878613233566284, 0.6917217969894409, 0.6949861645698547, 0.6973766684532166, 0.699982225894928, 0.7025488018989563, 0.7043246626853943, 0.7068327069282532, 0.708404004573822, 0.7099685668945312, 0.7116720676422119, 0.7130645513534546, 0.7144546508789062, 0.7160033583641052], "specificity": [0.9979804754257202, 0.9828572869300842, 0.9580162167549133, 0.9626574516296387, 0.9645800590515137, 0.9663072228431702, 0.9675778150558472, 0.9686174988746643, 0.9690311551094055, 0.9700925946235657, 0.9706714749336243, 0.9713411927223206, 0.9720085263252258, 0.97245192527771, 0.9729090929031372, 0.9733823537826538, 0.9738045334815979, 0.9741472601890564, 0.9744836688041687, 0.9748380184173584, 0.9750484228134155, 0.9753180146217346, 0.9756453037261963, 0.97579026222229, 0.975984513759613, 0.9762394428253174, 0.9763737320899963, 0.9765634536743164, 0.9767513871192932, 0.9768908619880676], "accuracy": [0.928961992263794, 0.9261983633041382, 0.9260885715484619, 0.9347195029258728, 0.9387421011924744, 0.9417007565498352, 0.9439140558242798, 0.945585310459137, 0.9467371106147766, 0.9481296539306641, 0.9493151903152466, 0.9503332376480103, 0.9513766765594482, 0.952137291431427, 0.9528939127922058, 0.9535824656486511, 0.9542230367660522, 0.9548275470733643, 0.955338180065155, 0.9558078646659851, 0.9562117457389832, 0.9566606879234314, 0.9570980668067932, 0.9573909640312195, 0.9576607346534729, 0.9580063819885254, 0.9582667350769043, 0.958538293838501, 0.9588004350662231, 0.959014892578125], "val_loss": [0.7249071002006531, 0.493970662355423, 0.38756632804870605, 0.3470516502857208, 0.3341555595397949, 0.32512328028678894, 0.3120328187942505, 0.2964792251586914, 0.29382580518722534, 0.2803463339805603, 0.2791033089160919, 0.2678634822368622, 0.2650553286075592, 0.2599778175354004, 0.25480103492736816, 0.25322383642196655, 0.25170955061912537, 0.24693183600902557, 0.24576206505298615, 0.24103271961212158, 0.24027509987354279, 0.23674266040325165, 0.23884418606758118, 0.2340831756591797, 0.2330707162618637, 0.23182880878448486, 0.23135392367839813, 0.2272855043411255, 0.230968177318573, 0.22573986649513245], "val_sensitivity": [0.0, 0.43600380420684814, 0.531511127948761, 0.5812118053436279, 0.6047176718711853, 0.5818236470222473, 0.6221153140068054, 0.6511755585670471, 0.6478546857833862, 0.6871395707130432, 0.6656573414802551, 0.7151082754135132, 0.7472856640815735, 0.7552143335342407, 0.7280816435813904, 0.7358279228210449, 0.7532728910446167, 0.7236067056655884, 0.7313616275787354, 0.747402012348175, 0.7573826909065247, 0.7607865929603577, 0.790509045124054, 0.7540040612220764, 0.7690662741661072, 0.7792026996612549, 0.77971351146698, 0.7647988200187683, 0.7997793555259705, 0.7740165591239929], "val_specificity": [1.0, 0.9750161170959473, 0.9760468602180481, 0.976732611656189, 0.9762978553771973, 0.9817470908164978, 0.9784116744995117, 0.9774612188339233, 0.9784027338027954, 0.9753763675689697, 0.9790780544281006, 0.9744235277175903, 0.9701755046844482, 0.9703298807144165, 0.9756923317909241, 0.9750697016716003, 0.9728927612304688, 0.9782608151435852, 0.9774919748306274, 0.9763372540473938, 0.9752826690673828, 0.9756463170051575, 0.9710069298744202, 0.977155327796936, 0.975471019744873, 0.9743815660476685, 0.9744845628738403, 0.9773983359336853, 0.9719788432121277, 0.9766063094139099], "val_accuracy": [0.9297707676887512, 0.9374744892120361, 0.9451985955238342, 0.9493387937545776, 0.9506146907806396, 0.9540198445320129, 0.9537922739982605, 0.9549391269683838, 0.9555781483650208, 0.955502450466156, 0.9574411511421204, 0.9565956592559814, 0.9549092650413513, 0.955589771270752, 0.9586716890335083, 0.9586462378501892, 0.9578288197517395, 0.9607465863227844, 0.9605813026428223, 0.9606136679649353, 0.9603455066680908, 0.9609192609786987, 0.9586746692657471, 0.961837887763977, 0.9613287448883057, 0.9610101580619812, 0.9611586928367615, 0.9628124237060547, 0.9602144956588745, 0.9627217650413513]}