{"loss": [0.7100351452827454, 0.541920006275177, 0.44502919912338257, 0.4056171774864197, 0.381370484828949, 0.3627585172653198, 0.34929192066192627, 0.3380918800830841, 0.3288867771625519, 0.319949209690094, 0.31369900703430176, 0.30704444646835327, 0.30108416080474854, 0.2955901622772217, 0.29093459248542786, 0.28749388456344604, 0.28354412317276, 0.28054121136665344, 0.2779744565486908, 0.27498382329940796, 0.2722548842430115, 0.26989060640335083, 0.26754072308540344, 0.26604899764060974, 0.2653028964996338, 0.26244401931762695, 0.26127681136131287, 0.25902220606803894, 0.25787949562072754, 0.25643426179885864], "sensitivity": [0.0187632218003273, 0.3898915648460388, 0.5040003657341003, 0.5495040416717529, 0.5776790976524353, 0.5964956283569336, 0.6124610304832458, 0.6245219111442566, 0.6340107321739197, 0.6428480744361877, 0.650234580039978, 0.6572837233543396, 0.663159966468811, 0.6690229773521423, 0.6738225817680359, 0.6778466105461121, 0.6816582679748535, 0.6858932375907898, 0.6874722242355347, 0.6919976472854614, 0.6946584582328796, 0.6966960430145264, 0.6999582648277283, 0.7014850974082947, 0.7026789784431458, 0.7053866386413574, 0.7067024111747742, 0.7101276516914368, 0.7100200057029724, 0.7125979661941528], "specificity": [0.9894706010818481, 0.9591900110244751, 0.965399980545044, 0.9675885438919067, 0.9688236713409424, 0.9704927206039429, 0.9712856411933899, 0.9720173478126526, 0.972740650177002, 0.9734883904457092, 0.9738712906837463, 0.9744240045547485, 0.9748216271400452, 0.9753230810165405, 0.975656270980835, 0.9758495092391968, 0.9762669205665588, 0.9764012098312378, 0.9766612648963928, 0.9767253398895264, 0.9769940972328186, 0.9772369861602783, 0.9773046374320984, 0.9773968458175659, 0.9774256944656372, 0.9777176976203918, 0.9778298735618591, 0.9778302907943726, 0.9780735969543457, 0.9780777096748352], "accuracy": [0.922718346118927, 0.9201992154121399, 0.9338595867156982, 0.9390214085578918, 0.9421447515487671, 0.9449670910835266, 0.9467874765396118, 0.948326826095581, 0.9496833682060242, 0.9509664177894592, 0.9518138766288757, 0.9528083205223083, 0.9536030292510986, 0.9544615745544434, 0.9551078081130981, 0.9555752873420715, 0.9562143087387085, 0.9566096663475037, 0.9570119976997375, 0.9573553800582886, 0.9577566385269165, 0.9581429362297058, 0.9584353566169739, 0.9586246609687805, 0.9587343335151672, 0.9591694474220276, 0.9593846201896667, 0.9595953226089478, 0.9598210453987122, 0.9600000381469727], "val_loss": [0.6596342921257019, 0.44986021518707275, 0.384690523147583, 0.3413008153438568, 0.34786632657051086, 0.30945971608161926, 0.3047279119491577, 0.2939237654209137, 0.2897050082683563, 0.2769753038883209, 0.27544453740119934, 0.266751766204834, 0.26281511783599854, 0.25981342792510986, 0.25676217675209045, 0.2509666979312897, 0.24934394657611847, 0.24666939675807953, 0.24709104001522064, 0.24147506058216095, 0.23966160416603088, 0.23892058432102203, 0.23938578367233276, 0.23782974481582642, 0.23710539937019348, 0.23401139676570892, 0.23355743288993835, 0.23375064134597778, 0.2357577532529831, 0.23130498826503754], "val_sensitivity": [0.02581251598894596, 0.4014117419719696, 0.5082255005836487, 0.6163883805274963, 0.548487663269043, 0.6674473881721497, 0.6355744004249573, 0.6343389749526978, 0.6423571109771729, 0.6833853721618652, 0.7396037578582764, 0.6956618428230286, 0.7076762914657593, 0.70667964220047, 0.7347409129142761, 0.7300410866737366, 0.7516733407974243, 0.7096918821334839, 0.7714473605155945, 0.7457748651504517, 0.7533673644065857, 0.7337707281112671, 0.763812243938446, 0.7388783097267151, 0.7797954082489014, 0.7555429339408875, 0.7340805530548096, 0.7297041416168213, 0.7856674790382385, 0.7603961825370789], "val_specificity": [0.999643087387085, 0.983676016330719, 0.9803459048271179, 0.9717925786972046, 0.9823710918426514, 0.9717420935630798, 0.9779048562049866, 0.9799904227256775, 0.9801095724105835, 0.9769059419631958, 0.9695807695388794, 0.9775597453117371, 0.9769938588142395, 0.977773904800415, 0.9746943712234497, 0.9765378832817078, 0.9741066694259644, 0.9800517559051514, 0.9721551537513733, 0.9766650795936584, 0.9760445356369019, 0.9788297414779663, 0.9749241471290588, 0.9783145189285278, 0.9734960794448853, 0.9772317409515381, 0.9798365831375122, 0.9804179668426514, 0.9731431603431702, 0.9772657752037048], "val_accuracy": [0.9314228296279907, 0.943082332611084, 0.9475154280662537, 0.9471532702445984, 0.9522445201873779, 0.950722873210907, 0.9542219042778015, 0.9560624957084656, 0.9567556977272034, 0.9566342830657959, 0.9537609219551086, 0.9580896496772766, 0.9584130048751831, 0.959073007106781, 0.9581592082977295, 0.9595273733139038, 0.9587787389755249, 0.9613729119300842, 0.9583503007888794, 0.9607356190681458, 0.9606799483299255, 0.9619172215461731, 0.9603909850120544, 0.9617976546287537, 0.960175633430481, 0.9619648456573486, 0.962872326374054, 0.9631102681159973, 0.9602531790733337, 0.9623194336891174]}