{"loss": [0.7308089733123779, 0.58011394739151, 0.45218220353126526, 0.4290998578071594, 0.40818023681640625, 0.3955838084220886, 0.3855612277984619, 0.37950029969215393, 0.3815543055534363, 0.37011170387268066, 0.3606492877006531, 0.35843828320503235, 0.35658392310142517, 0.3531658947467804, 0.355010062456131, 0.3448895514011383, 0.34316450357437134, 0.34067660570144653, 0.33561739325523376, 0.32736775279045105, 0.3337700664997101, 0.3319852948188782, 0.32421064376831055, 0.3219214379787445, 0.31184327602386475, 0.31848540902137756, 0.3160385191440582, 0.3219761848449707, 0.3129359483718872, 0.3119279444217682, 0.306998074054718, 0.30955132842063904, 0.31397745013237, 0.30868932604789734, 0.314231812953949, 0.3059293031692505, 0.2986847460269928, 0.3024956285953522, 0.30304044485092163, 0.2942897081375122], "sensitivity": [0.0021245975513011217, 0.2767229974269867, 0.5243258476257324, 0.5325055122375488, 0.5453293919563293, 0.5521388649940491, 0.5572399497032166, 0.5605394244194031, 0.556583821773529, 0.5637573599815369, 0.573451578617096, 0.5743312239646912, 0.5761333107948303, 0.5816472768783569, 0.5782092213630676, 0.5909690260887146, 0.5883114337921143, 0.5940172076225281, 0.5955248475074768, 0.6071436405181885, 0.601718008518219, 0.6038832664489746, 0.6104352474212646, 0.611624538898468, 0.6237438917160034, 0.6183916926383972, 0.617595374584198, 0.6156349182128906, 0.6234607696533203, 0.6234326958656311, 0.6274387836456299, 0.6256256103515625, 0.6202033162117004, 0.6250327825546265, 0.6232754588127136, 0.6298269629478455, 0.6397709846496582, 0.6364646553993225, 0.6304364204406738, 0.642846405506134], "specificity": [0.9964107275009155, 0.9724836945533752, 0.9605702757835388, 0.9647891521453857, 0.9680072069168091, 0.9697138667106628, 0.9705578684806824, 0.9717886447906494, 0.9727881550788879, 0.9737656712532043, 0.9741712808609009, 0.975068986415863, 0.9754317998886108, 0.9750219583511353, 0.9753495454788208, 0.9748635292053223, 0.97576904296875, 0.97607421875, 0.9760998487472534, 0.9761698842048645, 0.9762157201766968, 0.975571870803833, 0.9770004153251648, 0.9767810702323914, 0.9772995710372925, 0.9769781827926636, 0.9771074652671814, 0.9773012399673462, 0.9775082468986511, 0.9778465032577515, 0.97780442237854, 0.9783358573913574, 0.9781491160392761, 0.9772684574127197, 0.9770206809043884, 0.9783429503440857, 0.9777030348777771, 0.97788405418396, 0.9783234000205994, 0.9788258671760559], "accuracy": [0.9302011132240295, 0.92667156457901, 0.9318812489509583, 0.9367397427558899, 0.9410092234611511, 0.9431833028793335, 0.9436469674110413, 0.9449447393417358, 0.9460494518280029, 0.9476508498191833, 0.9481697678565979, 0.9493780732154846, 0.949801504611969, 0.9497618675231934, 0.9502156972885132, 0.9497311115264893, 0.9504335522651672, 0.9520605206489563, 0.9508990049362183, 0.9516586065292358, 0.952218770980835, 0.9514064788818359, 0.9533368349075317, 0.9526143670082092, 0.9541820287704468, 0.9535079598426819, 0.9533146023750305, 0.9541853666305542, 0.9545936584472656, 0.955054521560669, 0.9551085233688354, 0.9555807709693909, 0.9553285837173462, 0.9540660977363586, 0.9541487097740173, 0.9561527371406555, 0.9552879333496094, 0.956021249294281, 0.9554557204246521, 0.95717853307724], "val_loss": [0.6599529385566711, 0.5635544061660767, 0.5062586069107056, 0.4386829137802124, 0.42719563841819763, 0.41358834505081177, 0.39685115218162537, 0.4091295003890991, 0.3987901210784912, 0.35345807671546936, 0.3834041953086853, 0.3710921108722687, 0.3821336328983307, 0.38491687178611755, 0.33731481432914734, 0.32636821269989014, 0.3233199715614319, 0.31353819370269775, 0.319561243057251, 0.3167921304702759, 0.3077494204044342, 0.318826824426651, 0.30913078784942627, 0.3005264103412628, 0.31531673669815063, 0.3124564588069916, 0.3011625409126282, 0.3098505139350891, 0.2892738878726959, 0.28402578830718994, 0.29282522201538086, 0.29868435859680176, 0.2967298626899719, 0.27881044149398804, 0.2791151702404022, 0.2833891808986664, 0.27145442366600037, 0.28202807903289795, 0.2768564522266388, 0.2802767753601074], "val_sensitivity": [0.0, 0.295267254114151, 0.3547388017177582, 0.43253958225250244, 0.44146963953971863, 0.45109665393829346, 0.4692915976047516, 0.45096954703330994, 0.4549368619918823, 0.5418390035629272, 0.46194058656692505, 0.4815170168876648, 0.46789854764938354, 0.4653227627277374, 0.5598258376121521, 0.5504456758499146, 0.5732085704803467, 0.5867051482200623, 0.6098401546478271, 0.5794351100921631, 0.6249420642852783, 0.569420576095581, 0.602513313293457, 0.6259760856628418, 0.5712034702301025, 0.5794835686683655, 0.62107253074646, 0.5777990221977234, 0.6445222496986389, 0.6274080872535706, 0.6427081227302551, 0.603422224521637, 0.6067211627960205, 0.6464352607727051, 0.6629610657691956, 0.6657934188842773, 0.6724029183387756, 0.6195406913757324, 0.6545588374137878, 0.6377438306808472], "val_specificity": [0.9993047714233398, 0.9904605150222778, 0.9876158237457275, 0.9844952821731567, 0.9849338531494141, 0.9860454201698303, 0.9846511483192444, 0.9852123856544495, 0.986061155796051, 0.9812561273574829, 0.9871793985366821, 0.9866770505905151, 0.9862791895866394, 0.9870488047599792, 0.9810578227043152, 0.9832032918930054, 0.9814558029174805, 0.9821202754974365, 0.9771374464035034, 0.9825528860092163, 0.9787278771400452, 0.9837130904197693, 0.9811925292015076, 0.9792940616607666, 0.9840043187141418, 0.9824806451797485, 0.9803875684738159, 0.9836562275886536, 0.9787044525146484, 0.9814202785491943, 0.9793816208839417, 0.983132004737854, 0.9820927977561951, 0.9813414812088013, 0.9779529571533203, 0.9775248169898987, 0.9802866578102112, 0.9839970469474792, 0.9801161885261536, 0.9811948537826538], "val_accuracy": [0.9344033002853394, 0.9445070028305054, 0.9453458786010742, 0.9484667778015137, 0.9483495950698853, 0.9515987038612366, 0.9504502415657043, 0.9510465264320374, 0.9502516388893127, 0.9529740214347839, 0.9525444507598877, 0.9526264667510986, 0.953075110912323, 0.9528220891952515, 0.953351616859436, 0.9547771215438843, 0.9538266658782959, 0.956116259098053, 0.9526883959770203, 0.9559286832809448, 0.9564511179924011, 0.9570435285568237, 0.9574208855628967, 0.9564123153686523, 0.9574494361877441, 0.9552680253982544, 0.9576822519302368, 0.9570534825325012, 0.9572863578796387, 0.9576799273490906, 0.9577884674072266, 0.9590175151824951, 0.9566560387611389, 0.9594665765762329, 0.9569196701049805, 0.957508385181427, 0.9607585668563843, 0.9603848457336426, 0.9592481851577759, 0.9583073258399963]}