{
    "loss": [0.5672, 0.4147, 0.3776, 0.3533, 0.3348, 0.3211, 0.3118, 0.3040, 0.2981, 0.2931, 0.2892, 0.2862, 0.2832, 0.2795, 0.2780, 0.2750, 0.2727, 0.2715, 0.2700, 0.2684, 0.2667, 0.2660, 0.2639, 0.2627, 0.2618, 0.2610, 0.2599, 0.2587, 0.2584],
    "sensitivity": [0.3276, 0.5307, 0.5671, 0.5934, 0.6148, 0.6323, 0.6427, 0.6536, 0.6602, 0.6692, 0.6733, 0.6779, 0.6828, 0.6868, 0.6896, 0.6931, 0.6964, 0.6986, 0.7007, 0.7033, 0.7052, 0.7064, 0.7092, 0.7111, 0.7125, 0.7145, 0.7153, 0.7175, 0.7181, 0.7193],
    "specificity": [0.9616, 0.9703, 0.9732, 0.9746, 0.9756, 0.9761, 0.9766, 0.9769, 0.9772, 0.9771, 0.9773, 0.9773, 0.9776, 0.9776, 0.9776, 0.9777, 0.9778, 0.9778, 0.9778, 0.9778, 0.9780, 0.9780, 0.9781, 0.9780, 0.9782, 0.9782, 0.9782, 0.9782, 0.9782, 0.9782],
    "accuracy": [0.9184, 0.9411, 0.9464, 0.9495, 0.9519, 0.9535, 0.9549, 0.9559, 0.9566, 0.9571, 0.9576, 0.9579, 0.9582, 0.9588, 0.9589, 0.9593, 0.9596, 0.9598, 0.9599, 0.9601, 0.9601, 0.9604, 0.9605, 0.9608, 0.9608, 0.9610, 0.9610, 0.9613, 0.9614, 0.9615, 0.9616],
    "val_loss": [0.4018, 0.3801, 0.3434, 0.3261, 0.3040, 0.3010, 0.2917, 0.2838, 0.2841, 0.2761, 0.2721, 0.2706, 0.2690, 0.2694, 0.2683, 0.2637, 0.2638, 0.2620, 0.2610, 0.2636, 0.2593, 0.2611, 0.2595, 0.2559, 0.2533, 0.2540, 0.2530, 0.2554, 0.2498, 0.2555],
    "val_sensitivity": [0.51678, 0.4970, 0.5856, 0.5854, 0.6976, 0.6697, 0.6861, 0.6831, 0.7508, 0.6848, 0.7013, 0.7253, 0.6893, 0.7425, 0.7381, 0.7108, 0.7427, 0.7360, 0.7493, 0.76497, 0.7403, 0.7677, 0.7594, 0.7346, 0.7356, 0.7475, 0.7344, 0.7688, 0.7400, 0.7621],
    "val_specificity": [0.9747, 0.9848, 0.9791, 0.9826, 0.9716, 0.9765, 0.9761, 0.9778, 0.9688, 0.9791, 0.9780, 0.9753, 0.9802, 0.9732, 0.9742, 0.9786, 0.9746, 0.9760, 0.9744, 0.9718, 0.9759, 0.9720, 0.9735, 0.9775, 0.9779, 0.9762, 0.9782, 0.9733, 0.9781, 0.9741],
    "val_accuracy": [0.9452, 0.9534, 0.9542, 0.9573, 0.9545, 0.9573, 0.9580, 0.9593, 0.9555, 0.9605, 0.9607, 0.9598, 0.9619, 0.9589, 0.9596, 0.9620, 0.9602, 0.9611, 0.9606, 0.9591, 0.9614, 0.9596, 0.9604, 0.9623, 0.9629, 0.9622, 0.9630, 0.9607, 0.9633, 0.9611]
  }  