{"loss": [0.7020176649093628, 0.5143186450004578, 0.42178916931152344, 0.3903701901435852, 0.3677767217159271, 0.3519180119037628, 0.3405621647834778, 0.3314170837402344, 0.3224990665912628, 0.3157259225845337, 0.3088111877441406, 0.3031314015388489, 0.29842832684516907, 0.2933809757232666, 0.2893346846103668, 0.28560498356819153, 0.2819516658782959, 0.27964210510253906, 0.2767843008041382, 0.2739909887313843, 0.27213746309280396, 0.2700863182544708, 0.26804640889167786, 0.26550284028053284, 0.26354092359542847, 0.26218748092651367, 0.2611979842185974, 0.2596356272697449, 0.25735870003700256, 0.25674423575401306], "sensitivity": [0.035714805126190186, 0.43531477451324463, 0.5373958349227905, 0.5615020394325256, 0.5792469382286072, 0.5919531583786011, 0.6016263961791992, 0.6136273741722107, 0.6232959032058716, 0.63045734167099, 0.6390443444252014, 0.6450507044792175, 0.6509242057800293, 0.6575940847396851, 0.6620361804962158, 0.6677044630050659, 0.6713038086891174, 0.6760240197181702, 0.6788415908813477, 0.6831789016723633, 0.6859378814697266, 0.688007116317749, 0.692972719669342, 0.6954503059387207, 0.6976591348648071, 0.7001898288726807, 0.7019893527030945, 0.7038314938545227, 0.7073103189468384, 0.7068336606025696], "specificity": [0.9721380472183228, 0.9611764550209045, 0.9659163951873779, 0.9693818688392639, 0.9716250896453857, 0.9731075763702393, 0.9740477204322815, 0.9743546843528748, 0.9749196171760559, 0.9753945469856262, 0.9757019281387329, 0.9760941863059998, 0.9763480424880981, 0.9765706658363342, 0.9768361449241638, 0.9769250750541687, 0.9772505164146423, 0.9771484136581421, 0.9774407744407654, 0.977490246295929, 0.9775386452674866, 0.9777017831802368, 0.9775172472000122, 0.9777778387069702, 0.9778738021850586, 0.9778546094894409, 0.977928876876831, 0.9779463410377502, 0.9780867099761963, 0.978229820728302], "accuracy": [0.9073421955108643, 0.924837589263916, 0.9364784359931946, 0.9413878321647644, 0.9447036981582642, 0.9469719529151917, 0.9485213160514832, 0.949641764163971, 0.9508218765258789, 0.9517582058906555, 0.952674388885498, 0.9534333944320679, 0.9541129469871521, 0.9547238945960999, 0.9552910327911377, 0.9557919502258301, 0.9563663005828857, 0.9565672874450684, 0.9570157527923584, 0.9573532938957214, 0.9576306343078613, 0.9579337239265442, 0.9580632448196411, 0.9585004448890686, 0.9587075710296631, 0.9588746428489685, 0.9590681791305542, 0.9592581987380981, 0.9596152305603027, 0.9597249627113342], "val_loss": [0.6778501272201538, 0.48456117510795593, 0.4206952154636383, 0.33925554156303406, 0.3315701186656952, 0.3184880018234253, 0.2918797731399536, 0.2818165719509125, 0.2734716534614563, 0.2673928439617157, 0.2650377154350281, 0.2551339268684387, 0.2517983317375183, 0.24779878556728363, 0.24544034898281097, 0.24938490986824036, 0.24134697020053864, 0.2343168407678604, 0.23230820894241333, 0.23133283853530884, 0.22866293787956238, 0.23582588136196136, 0.23566314578056335, 0.22383196651935577, 0.2297760248184204, 0.2309148907661438, 0.21942558884620667, 0.22743263840675354, 0.2203100323677063, 0.2331608235836029], "val_sensitivity": [0.011702194809913635, 0.3615139424800873, 0.43097153306007385, 0.5794166326522827, 0.5581002235412598, 0.5673184990882874, 0.693839967250824, 0.6718629002571106, 0.6740285754203796, 0.6848559379577637, 0.6625812649726868, 0.7103990912437439, 0.7093281745910645, 0.7162901759147644, 0.73555988073349, 0.7779136896133423, 0.7734465599060059, 0.7473606467247009, 0.7585157752037048, 0.757200300693512, 0.740750789642334, 0.7959526181221008, 0.8043981194496155, 0.7682205438613892, 0.8059475421905518, 0.8106496334075928, 0.7694569230079651, 0.8025715947151184, 0.7771897315979004, 0.8326256275177002], "val_specificity": [0.9998859763145447, 0.9899842143058777, 0.9888304471969604, 0.9786794185638428, 0.9839786887168884, 0.9848921895027161, 0.9716238975524902, 0.9771485328674316, 0.9786399602890015, 0.9785420894622803, 0.9819633364677429, 0.9777566194534302, 0.9786409735679626, 0.9786460399627686, 0.9767825603485107, 0.9700748920440674, 0.9725968837738037, 0.9775084853172302, 0.9765074253082275, 0.9770525097846985, 0.9796633720397949, 0.9711107611656189, 0.9700728058815002, 0.9773402810096741, 0.9713268876075745, 0.9703389406204224, 0.9781598448753357, 0.9722905158996582, 0.9771099090576172, 0.9670157432556152], "val_accuracy": [0.9306711554527283, 0.946147620677948, 0.9499557018280029, 0.9509057998657227, 0.9543710947036743, 0.9558414816856384, 0.9523704051971436, 0.9559782147407532, 0.957495927810669, 0.958178699016571, 0.9598008990287781, 0.9592375159263611, 0.9599916934967041, 0.9604924321174622, 0.9601114988327026, 0.9568219184875488, 0.9588624238967896, 0.9616029262542725, 0.9614586234092712, 0.9618833065032959, 0.9631530046463013, 0.9590680599212646, 0.9587008953094482, 0.9629256725311279, 0.9599692821502686, 0.9593737125396729, 0.9637640714645386, 0.9606355428695679, 0.9633475542068481, 0.9578248262405396]}