{"loss": [0.45656538009643555, 0.32850465178489685, 0.3000565469264984, 0.28317058086395264, 0.2713598608970642, 0.26291272044181824, 0.2567616403102875, 0.2505757510662079, 0.24808776378631592, 0.24474842846393585, 0.2418958842754364, 0.23846924304962158, 0.2369898408651352, 0.23542265594005585, 0.23268677294254303, 0.23255233466625214, 0.23041531443595886, 0.2286483496427536, 0.2273372858762741, 0.22703389823436737, 0.22486373782157898, 0.2248736321926117, 0.2231338918209076, 0.22220242023468018, 0.2220848947763443, 0.22116859257221222, 0.21992473304271698, 0.21857209503650665, 0.21849848330020905, 0.2188711315393448, 0.2174215316772461, 0.21694588661193848, 0.21686096489429474, 0.21521952748298645, 0.2148524671792984, 0.2145836055278778, 0.21472033858299255, 0.21397827565670013, 0.21328513324260712, 0.21244852244853973, 0.21257086098194122, 0.21236971020698547, 0.21128781139850616, 0.21212418377399445, 0.21035391092300415, 0.20970186591148376, 0.21016305685043335, 0.20955906808376312, 0.2092771679162979, 0.20888610184192657], "sensitivity": [0.47830232977867126, 0.6471781134605408, 0.6759081482887268, 0.6921283006668091, 0.7061392664909363, 0.7152470946311951, 0.7220958471298218, 0.7284567952156067, 0.7308829426765442, 0.7341494560241699, 0.7373526096343994, 0.7404266595840454, 0.7423068284988403, 0.7444977760314941, 0.7468658685684204, 0.7476910948753357, 0.7492339611053467, 0.7510678172111511, 0.7518161535263062, 0.7529417872428894, 0.7549228668212891, 0.7549228072166443, 0.7558308243751526, 0.7564733028411865, 0.7568700909614563, 0.7585259675979614, 0.7592261433601379, 0.7606814503669739, 0.7598061561584473, 0.7607465386390686, 0.7613273859024048, 0.7617951035499573, 0.7622281312942505, 0.7631639838218689, 0.7638829946517944, 0.7628921270370483, 0.7633864879608154, 0.7642486095428467, 0.7650773525238037, 0.7650890350341797, 0.7655926942825317, 0.76546710729599, 0.7657057642936707, 0.7653030157089233, 0.7669646143913269, 0.767353892326355, 0.766273021697998, 0.7678601145744324, 0.7677894234657288, 0.7678998112678528], "specificity": [0.9648393392562866, 0.9681901931762695, 0.9712874889373779, 0.9734828472137451, 0.9744060635566711, 0.9753063917160034, 0.9758073687553406, 0.9764413237571716, 0.9769632816314697, 0.9771756529808044, 0.9775373935699463, 0.9778892397880554, 0.9780685901641846, 0.9783318638801575, 0.9785044193267822, 0.9784985780715942, 0.9788538217544556, 0.9790561199188232, 0.9791691303253174, 0.979128360748291, 0.9793385863304138, 0.979505181312561, 0.9796993732452393, 0.9799197912216187, 0.979904055595398, 0.9799616932868958, 0.9800817370414734, 0.9801737666130066, 0.9803200960159302, 0.9802110195159912, 0.9804818630218506, 0.9805157780647278, 0.9804900288581848, 0.9806241393089294, 0.9806843996047974, 0.9808923602104187, 0.9807596802711487, 0.980893611907959, 0.9809430241584778, 0.981127917766571, 0.9809556603431702, 0.9809987545013428, 0.9812940955162048, 0.9812069535255432, 0.9812859296798706, 0.9813776016235352, 0.9814901947975159, 0.9814413785934448, 0.9814426898956299, 0.9814832806587219], "accuracy": [0.9310032725334167, 0.9461448192596436, 0.9511436223983765, 0.9543697834014893, 0.9562327265739441, 0.9576420783996582, 0.9585573673248291, 0.9595502018928528, 0.9602198004722595, 0.9606611728668213, 0.9611668586730957, 0.9617115259170532, 0.9619795083999634, 0.962386429309845, 0.96273273229599, 0.9627535343170166, 0.9631728529930115, 0.963483452796936, 0.9637071490287781, 0.9637300968170166, 0.9640344977378845, 0.9642226696014404, 0.9644519686698914, 0.9646927714347839, 0.9646702408790588, 0.9648422598838806, 0.9650124907493591, 0.9652010202407837, 0.9653271436691284, 0.9652887582778931, 0.9655214548110962, 0.9655934572219849, 0.9656293988227844, 0.9658206701278687, 0.9659221768379211, 0.9660313129425049, 0.9659597873687744, 0.9661397337913513, 0.9662283658981323, 0.9664041996002197, 0.966288149356842, 0.9663480520248413, 0.9666189551353455, 0.966536819934845, 0.9666746854782104, 0.9668324589729309, 0.9668774604797363, 0.9669138789176941, 0.9669272899627686, 0.9669788479804993], "val_loss": [0.3800814747810364, 0.31577709317207336, 0.28547585010528564, 0.2670806348323822, 0.2633115351200104, 0.24893057346343994, 0.24562214314937592, 0.24201221764087677, 0.23785333335399628, 0.24089151620864868, 0.23500724136829376, 0.2317533791065216, 0.22825275361537933, 0.23996569216251373, 0.22716942429542542, 0.22965706884860992, 0.22322049736976624, 0.2235928326845169, 0.219594806432724, 0.2187138944864273, 0.218014195561409, 0.22084707021713257, 0.22144021093845367, 0.22465063631534576, 0.23574793338775635, 0.2145785391330719, 0.21564272046089172, 0.21305930614471436, 0.21136005222797394, 0.21447917819023132, 0.21713392436504364, 0.21444819867610931, 0.20963110029697418, 0.21231265366077423, 0.21456731855869293, 0.22730757296085358, 0.20889073610305786, 0.20745016634464264, 0.20701973140239716, 0.21078133583068848, 0.21077677607536316, 0.2102520912885666, 0.2066245973110199, 0.2070010006427765, 0.20621822774410248, 0.20542529225349426, 0.20525094866752625, 0.20491105318069458, 0.2036905437707901, 0.20784680545330048], "val_sensitivity": [0.7599366307258606, 0.7298409342765808, 0.6347305178642273, 0.7287886142730713, 0.6964235901832581, 0.7137278914451599, 0.7620730400085449, 0.7694389224052429, 0.751692533493042, 0.7619579434394836, 0.7405009269714355, 0.7178663611412048, 0.774331271648407, 0.7916272878646851, 0.7413752675056458, 0.7437514066696167, 0.7552607655525208, 0.786744236946106, 0.7509021759033203, 0.75184166431427, 0.759591817855835, 0.7437677979469299, 0.7902711033821106, 0.7011173367500305, 0.833948016166687, 0.7557806372642517, 0.749491810798645, 0.7791796922683716, 0.7770025730133057, 0.7498896718025208, 0.8108407258987427, 0.792948305606842, 0.7680702805519104, 0.7803953289985657, 0.7492855191230774, 0.7127717137336731, 0.7918469309806824, 0.7892537713050842, 0.7739895582199097, 0.7972426414489746, 0.7988523840904236, 0.7280216813087463, 0.7459417581558228, 0.7655138373374939, 0.773374080657959, 0.7739807963371277, 0.7961224317550659, 0.7975434064865112, 0.7866746783256531, 0.7846459150314331], "val_specificity": [0.9305370450019836, 0.9581040740013123, 0.981296718120575, 0.9725068211555481, 0.9782211780548096, 0.9790223240852356, 0.9732335209846497, 0.9729601740837097, 0.9765157699584961, 0.9748536944389343, 0.9787420034408569, 0.982400119304657, 0.9758830666542053, 0.9711883068084717, 0.9805251955986023, 0.979523777961731, 0.9795970916748047, 0.9757933616638184, 0.9811317324638367, 0.9813828468322754, 0.9804378747940063, 0.9815674424171448, 0.9753119945526123, 0.985764741897583, 0.9666599631309509, 0.981611430644989, 0.9821364879608154, 0.9790581464767456, 0.9798718690872192, 0.9825295209884644, 0.9742482304573059, 0.977500319480896, 0.9815601110458374, 0.9791678190231323, 0.9824700951576233, 0.9846703410148621, 0.9788782000541687, 0.9794580340385437, 0.981150209903717, 0.977867066860199, 0.9777418971061707, 0.9859777688980103, 0.9844576120376587, 0.9821258783340454, 0.9814743995666504, 0.9817118048667908, 0.9793445467948914, 0.9786959886550903, 0.9806479811668396, 0.9802501797676086],