{"loss": [0.4923126697540283, 0.3370044231414795, 0.3063589930534363, 0.2882743179798126, 0.2739512622356415, 0.2650819718837738, 0.2564443349838257, 0.2503112256526947, 0.24654917418956757, 0.23974934220314026, 0.2386096715927124, 0.23553936183452606, 0.23252414166927338, 0.23226428031921387, 0.22832700610160828, 0.2276274561882019, 0.22444133460521698, 0.22379545867443085, 0.2236579954624176, 0.22161132097244263, 0.22001203894615173, 0.2185499221086502, 0.2177494764328003, 0.2172563225030899, 0.21551774442195892, 0.21483874320983887, 0.21356627345085144, 0.21405573189258575, 0.21203890442848206, 0.21136389672756195], "sensitivity": [0.4286152124404907, 0.6360553503036499, 0.6627171635627747, 0.6827282905578613, 0.6970616579055786, 0.7075347900390625, 0.7166319489479065, 0.7233508229255676, 0.7271671891212463, 0.7338079810142517, 0.7362411618232727, 0.7391148209571838, 0.7418735027313232, 0.7425515055656433, 0.7478376626968384, 0.7481154203414917, 0.7516041994094849, 0.7519282698631287, 0.7521869540214539, 0.7535737752914429, 0.7557705044746399, 0.7576708793640137, 0.7585098743438721, 0.7586032748222351, 0.7603990435600281, 0.760748028755188, 0.7630048394203186, 0.7624913454055786, 0.7639816999435425, 0.7650566697120667], "specificity": [0.9652461409568787, 0.9686468243598938, 0.972578227519989, 0.974342405796051, 0.9757373332977295, 0.9767131209373474, 0.9774857759475708, 0.9782430529594421, 0.9786683320999146, 0.9791921973228455, 0.9792675971984863, 0.9795935750007629, 0.9800868034362793, 0.980002760887146, 0.9801534414291382, 0.9804481267929077, 0.9807060956954956, 0.9808061122894287, 0.9807184338569641, 0.981126070022583, 0.9812648892402649, 0.9813011884689331, 0.9814170598983765, 0.9814990162849426, 0.9816327095031738, 0.9817779064178467, 0.9818294048309326, 0.9817425608634949, 0.9820296764373779, 0.9820235371589661], "accuracy": [0.9288639426231384, 0.9466947913169861, 0.9522882699966431, 0.9552920460700989, 0.9576686024665833, 0.959306001663208, 0.960597813129425, 0.961730420589447, 0.9624456763267517, 0.9633139967918396, 0.9635733962059021, 0.9640884399414062, 0.9647012948989868, 0.9647123217582703, 0.965213418006897, 0.9654862284660339, 0.9659577012062073, 0.9660754799842834, 0.966025710105896, 0.9664937853813171, 0.9667527675628662, 0.9669036865234375, 0.9670681357383728, 0.9671795964241028, 0.9674298167228699, 0.9675843715667725, 0.9677523970603943, 0.96764075756073, 0.9679823517799377, 0.9680700302124023], "val_loss": [0.3524392247200012, 0.31280770897865295, 0.288426011800766, 0.269256591796875, 0.26158785820007324, 0.2637532651424408, 0.2522640526294708, 0.25170183181762695, 0.23813340067863464, 0.23458510637283325, 0.2323874980211258, 0.2634907364845276, 0.23614007234573364, 0.23237302899360657, 0.24783726036548615, 0.22761709988117218, 0.22450336813926697, 0.222821444272995, 0.22541575133800507, 0.2174433469772339, 0.22164101898670197, 0.22147347033023834, 0.2172589749097824, 0.21457695960998535, 0.21841874718666077, 0.2107241004705429, 0.21459637582302094, 0.21546584367752075, 0.2082872837781906, 0.2116793543100357], "val_sensitivity": [0.6374958157539368, 0.6916722655296326, 0.7150276899337769, 0.7082594037055969, 0.7281173467636108, 0.7757461071014404, 0.6851528286933899, 0.6531746983528137, 0.7368322610855103, 0.773036003112793, 0.7253594398498535, 0.8071216344833374, 0.6847129464149475, 0.7938953042030334, 0.6371315717697144, 0.7902959585189819, 0.7917628288269043, 0.7674018740653992, 0.8024225234985352, 0.7759195566177368, 0.8068304657936096, 0.731694221496582, 0.7257850170135498, 0.7328190207481384, 0.7220091819763184, 0.750190794467926, 0.7857291102409363, 0.7610743045806885, 0.7751935720443726, 0.7727049589157104], "val_specificity": [0.9630013108253479, 0.9663617014884949, 0.9692320227622986, 0.9752352237701416, 0.974538266658783, 0.9672179222106934, 0.982603132724762, 0.9867669343948364, 0.9792051315307617, 0.9753946661949158, 0.9818976521492004, 0.9639977216720581, 0.9861277341842651, 0.9733952283859253, 0.9892845749855042, 0.9751080274581909, 0.975824773311615, 0.9789457321166992, 0.9743651151657104, 0.9790050387382507, 0.9745562076568604, 0.9840077757835388, 0.9851693511009216, 0.985084593296051, 0.9855597615242004, 0.9839777946472168, 0.9789671301841736, 0.9818786382675171, 0.9817039966583252, 0.9810201525688171], "val_accuracy": [0.9413618445396423, 0.9481852650642395, 0.9525963664054871, 0.9577128887176514, 0.9584801197052002, 0.9550648331642151, 0.9628387093544006, 0.9645631909370422, 0.9633734226226807, 0.9624359011650085, 0.9650793075561523, 0.9541329145431519, 0.9660816192626953, 0.9619265198707581, 0.9655551314353943, 0.9632638096809387, 0.9640384316444397, 0.9653093814849854, 0.9634312391281128, 0.9660637378692627, 0.9639300107955933, 0.9675723910331726, 0.968085527420044, 0.9685696363449097, 0.9681875109672546, 0.968767523765564, 0.9665297865867615, 0.9674330353736877, 0.9683617949485779, 0.9676154851913452]}