{"loss": [0.46871882677078247, 0.32761311531066895, 0.3023315370082855, 0.28457245230674744, 0.2734120488166809, 0.2650226652622223, 0.26000645756721497, 0.25539910793304443, 0.24918216466903687, 0.24542886018753052, 0.2419995218515396, 0.24101555347442627, 0.23820440471172333, 0.23588325083255768, 0.2333049327135086, 0.2305983603000641, 0.23028726875782013, 0.22846382856369019, 0.22638201713562012, 0.227982759475708, 0.22386452555656433, 0.2228090912103653, 0.22133201360702515, 0.2209291011095047, 0.2193761169910431, 0.2180418223142624, 0.21818651258945465, 0.2169570028781891, 0.21602913737297058, 0.21458914875984192], "sensitivity": [0.4548068344593048, 0.6486817598342896, 0.6767863631248474, 0.6931948065757751, 0.7048349976539612, 0.7139870524406433, 0.7183655500411987, 0.7238277792930603, 0.7292490601539612, 0.7333225607872009, 0.7349934577941895, 0.7377567887306213, 0.740435004234314, 0.7429283857345581, 0.7448750138282776, 0.7476900219917297, 0.748135507106781, 0.7501826882362366, 0.7515851259231567, 0.7507465481758118, 0.7550068497657776, 0.7565100789070129, 0.7575293183326721, 0.7589264512062073, 0.760371744632721, 0.7609768509864807, 0.7604958415031433, 0.7625633478164673, 0.7629206776618958, 0.7646020650863647], "specificity": [0.9679678082466125, 0.9694663882255554, 0.9717811346054077, 0.9739487171173096, 0.9751359224319458, 0.9758689999580383, 0.9764652848243713, 0.9768859148025513, 0.977571427822113, 0.9779936075210571, 0.97855544090271, 0.9783917665481567, 0.9786577820777893, 0.9790025353431702, 0.9792645573616028, 0.9795799255371094, 0.9795251488685608, 0.9797934889793396, 0.9801065325737, 0.9798684120178223, 0.9801696538925171, 0.9803063273429871, 0.980472207069397, 0.9803805351257324, 0.9805847406387329, 0.9807085394859314, 0.9808099865913391, 0.9809118509292603, 0.9811114072799683, 0.9811626076698303], "accuracy": [0.9331074357032776, 0.9483587741851807, 0.9525195956230164, 0.9556678533554077, 0.9575124382972717, 0.9588660001754761, 0.9597100615501404, 0.9604895114898682, 0.9614682197570801, 0.9621216058731079, 0.9627508521080017, 0.9627922177314758, 0.9631496667861938, 0.9637590646743774, 0.9640354514122009, 0.9645845293998718, 0.964573323726654, 0.9649738669395447, 0.9653174877166748, 0.9650774598121643, 0.9655941128730774, 0.9658336043357849, 0.966055154800415, 0.9660052061080933, 0.9663482904434204, 0.9665297269821167, 0.9665730595588684, 0.966762900352478, 0.9669976830482483, 0.9671496748924255], "val_loss": [0.34594404697418213, 0.3090301752090454, 0.29042696952819824, 0.29973334074020386, 0.2656407654285431, 0.2652854919433594, 0.27219125628471375, 0.2537437677383423, 0.2619364261627197, 0.24728409945964813, 0.2502745985984802, 0.2550866901874542, 0.23869284987449646, 0.23642851412296295, 0.23163877427577972, 0.23193404078483582, 0.22974048554897308, 0.2321932166814804, 0.23305578529834747, 0.22848300635814667, 0.22493378818035126, 0.2335117906332016, 0.2258414626121521, 0.22858640551567078, 0.22430670261383057, 0.22470802068710327, 0.22246061265468597, 0.22657112777233124, 0.22151757776737213, 0.22231653332710266], "val_sensitivity": [0.5994015336036682, 0.6805822849273682, 0.6712817549705505, 0.5875610709190369, 0.7124100923538208, 0.7197654247283936, 0.7691410779953003, 0.7381068468093872, 0.7944660782814026, 0.7249847054481506, 0.7714858055114746, 0.8075632452964783, 0.7204911112785339, 0.7491753697395325, 0.7570223808288574, 0.7564501166343689, 0.7601096034049988, 0.7297837138175964, 0.7858256101608276, 0.7622178196907043, 0.7586531639099121, 0.6923767328262329, 0.7866742014884949, 0.7239142656326294, 0.7527033686637878, 0.7290472388267517, 0.7919590473175049, 0.7113290429115295, 0.7636987566947937, 0.7204763889312744], "val_specificity": [0.9726971387863159, 0.9694823026657104, 0.9753156900405884, 0.9858325719833374, 0.9758341908454895, 0.9750897884368896, 0.9666033983230591, 0.9750431180000305, 0.9653902649879456, 0.9783905148506165, 0.9712997078895569, 0.9653759598731995, 0.9810503721237183, 0.9782586693763733, 0.9780666828155518, 0.9779036641120911, 0.9781749844551086, 0.9813941717147827, 0.9742637872695923, 0.9782409071922302, 0.979447066783905, 0.9853087663650513, 0.9759359955787659, 0.9827312231063843, 0.9802478551864624, 0.9830085635185242, 0.976018488407135, 0.9847449660301208, 0.9795917868614197, 0.9842942357063293], "val_accuracy": [0.9477788805961609, 0.9504454135894775, 0.9553027749061584, 0.9590230584144592, 0.9586160778999329, 0.9584025740623474, 0.9538277387619019, 0.9597160220146179, 0.9545706510543823, 0.9618455767631531, 0.958541989326477, 0.9554268717765808, 0.9639298319816589, 0.963141918182373, 0.963685929775238, 0.9636247754096985, 0.964039146900177, 0.964808464050293, 0.9620736241340637, 0.9641801714897156, 0.9649841785430908, 0.9659044146537781, 0.9636163711547852, 0.9656926989555359, 0.9653917551040649, 0.9662906527519226, 0.96412593126297, 0.9666094183921814, 0.9656741619110107, 0.9669101238250732]}