{"loss": [0.45383939146995544, 0.32749462127685547, 0.3000279366970062, 0.27856215834617615, 0.26444628834724426, 0.25592076778411865, 0.24808713793754578, 0.24346548318862915, 0.24032245576381683, 0.2361234724521637, 0.23370958864688873, 0.23031160235404968, 0.22944720089435577, 0.22562523186206818, 0.22529444098472595, 0.22300225496292114, 0.22100767493247986, 0.22022679448127747, 0.21822600066661835, 0.21941280364990234, 0.2167740762233734, 0.21467164158821106, 0.21432892978191376, 0.21373750269412994, 0.2116503119468689, 0.21321746706962585, 0.2112489640712738, 0.2115485519170761, 0.20927955210208893, 0.2096979320049286, 0.20850352942943573, 0.20768555998802185, 0.20791271328926086, 0.20781685411930084, 0.20602762699127197, 0.2063993215560913, 0.20502564311027527, 0.2052512913942337, 0.20443034172058105, 0.2033352106809616, 0.20381896197795868, 0.20306925475597382, 0.20255516469478607, 0.202520489692688, 0.20148587226867676, 0.2012595385313034, 0.20092904567718506, 0.20043274760246277, 0.2003387212753296, 0.20000018179416656], "sensitivity": [0.495865136384964, 0.6509804129600525, 0.6779780387878418, 0.697810173034668, 0.711554765701294, 0.7219057679176331, 0.7299138903617859, 0.7346793413162231, 0.738582968711853, 0.7433391809463501, 0.744753360748291, 0.7483896613121033, 0.7507050037384033, 0.7531639933586121, 0.7534615993499756, 0.7567174434661865, 0.7585713863372803, 0.7596814036369324, 0.761448860168457, 0.7600582838058472, 0.7624558806419373, 0.7649285793304443, 0.764251172542572, 0.7662544250488281, 0.7681199908256531, 0.7653875350952148, 0.7680273056030273, 0.767738938331604, 0.7699257731437683, 0.7697771787643433, 0.7713233828544617, 0.7715000510215759, 0.7714279294013977, 0.7714857459068298, 0.773292601108551, 0.7723519206047058, 0.7737312316894531, 0.7735959887504578, 0.7733571529388428, 0.7749817967414856, 0.7746724486351013, 0.7748212814331055, 0.7752594351768494, 0.7749101519584656, 0.7764363884925842, 0.7760775685310364, 0.7763208746910095, 0.7764739394187927, 0.7768956422805786, 0.7764652967453003], "specificity": [0.9633228182792664, 0.9684674143791199, 0.9714635610580444, 0.9741233587265015, 0.9758093953132629, 0.9762958884239197, 0.9771983027458191, 0.9777568578720093, 0.9780389666557312, 0.9784143567085266, 0.9789697527885437, 0.9791988730430603, 0.9791384935379028, 0.9797003865242004, 0.9798925518989563, 0.9799743890762329, 0.9802060723304749, 0.9802422523498535, 0.9804620742797852, 0.9803319573402405, 0.98078453540802, 0.9808874130249023, 0.9810312986373901, 0.9809231162071228, 0.9811450242996216, 0.9812250137329102, 0.981272280216217, 0.981305718421936, 0.9814642071723938, 0.9814667701721191, 0.981453001499176, 0.9816128015518188, 0.9816530346870422, 0.9817115068435669, 0.9818347096443176, 0.9819021821022034, 0.9819750785827637, 0.9819380044937134, 0.982170820236206, 0.9822917580604553, 0.9821822643280029, 0.9823772311210632, 0.9823565483093262, 0.9824365973472595, 0.982510507106781, 0.9825450778007507, 0.9826262593269348, 0.9827291965484619, 0.9827396869659424, 0.9828711748123169], "accuracy": [0.93166583776474, 0.9475191235542297, 0.9521843791007996, 0.9560414552688599, 0.958570122718811, 0.9597617983818054, 0.9611043334007263, 0.961898148059845, 0.962432861328125, 0.9630892276763916, 0.9637129902839661, 0.9642060399055481, 0.9642927646636963, 0.9649587869644165, 0.9651626944541931, 0.9654416441917419, 0.9657803177833557, 0.9658639430999756, 0.9662412405014038, 0.9660418629646301, 0.9665674567222595, 0.9668508172035217, 0.9669429063796997, 0.9669665098190308, 0.9672805070877075, 0.967221200466156, 0.967406690120697, 0.9674413800239563, 0.9677265286445618, 0.9677150249481201, 0.9678196907043457, 0.9679669141769409, 0.9679920077323914, 0.9680460691452026, 0.9682837724685669, 0.9683033227920532, 0.9684367775917053, 0.968396008014679, 0.9686480760574341, 0.9688162207603455, 0.9687294363975525, 0.9689153432846069, 0.9689246416091919, 0.9689593315124512, 0.9691451191902161, 0.9691319465637207, 0.9692496061325073, 0.9693369269371033, 0.9693952798843384, 0.9694787859916687], "val_loss": [0.3493635356426239, 0.29933008551597595, 0.29196834564208984, 0.263949990272522, 0.25569337606430054, 0.2839054465293884, 0.2519165277481079, 0.24514399468898773, 0.23333854973316193, 0.25650665163993835, 0.23390978574752808, 0.2281867265701294, 0.22529186308383942, 0.22439643740653992, 0.23307767510414124, 0.219900980591774, 0.2231837660074234, 0.21635186672210693, 0.21727944910526276, 0.21960553526878357, 0.2169354408979416, 0.2216929793357849, 0.21733064949512482, 0.21392768621444702, 0.21183688938617706, 0.21798405051231384, 0.21104013919830322, 0.2110358476638794, 0.2142697125673294, 0.20716577768325806, 0.20781683921813965, 0.2074720561504364, 0.2088552713394165, 0.2048826515674591, 0.2078515589237213, 0.20604825019836426, 0.20664289593696594, 0.20409394800662994, 0.20348724722862244, 0.2178284078836441, 0.20286354422569275, 0.20363380014896393, 0.20989932119846344, 0.2005629986524582, 0.20431604981422424, 0.20147916674613953, 0.201304629445076, 0.2031790316104889, 0.20203202962875366, 0.20439527928829193], "val_sensitivity": [0.7021695971488953, 0.6635184288024902, 0.6381421685218811, 0.7255275249481201, 0.6930036544799805, 0.5849665403366089, 0.7521510124206543, 0.7620639801025391, 0.76081383228302, 0.8121516704559326, 0.7253687977790833, 0.7791910171508789, 0.7464585304260254, 0.7803715467453003, 0.7292748689651489, 0.771113932132721, 0.7350958585739136, 0.7564006447792053, 0.7627718448638916, 0.7714333534240723, 0.778251051902771, 0.7312593460083008, 0.8048432469367981, 0.7719807028770447, 0.7750123739242554, 0.7421455979347229, 0.7573729753494263, 0.7915216684341431, 0.718893826007843, 0.77767014503479, 0.7637420296669006, 0.7854756712913513, 0.7510217428207397, 0.7708484530448914, 0.789961576461792, 0.7765992283821106, 0.7692558765411377, 0.77879798412323, 0.7880335450172424, 0.6953211426734924, 0.7908080816268921, 0.766941487789154, 0.8238325715065002, 0.7874576449394226, 0.7491763830184937, 0.763658881187439, 0.784247875213623, 0.7532743811607361, 0.754218578338623, 0.7809133529663086], "val_specificity": [0.95245361328125, 0.9741916656494141, 0.9798720479011536, 0.9742212295532227, 0.9806156158447266, 0.9889395236968994, 0.9737716913223267, 0.9743250608444214, 0.9770644903182983, 0.9652941823005676, 0.9815726280212402, 0.9764400124549866, 0.9808797836303711, 0.9771209955215454, 0.9814400672912598, 0.9793093204498291, 0.9826183319091797, 0.9817668795585632, 0.98067706823349, 0.9791248440742493, 0.9791111350059509, 0.9838660359382629, 0.9758404493331909, 0.9808064103126526, 0.9806749224662781, 0.9832988977432251, 0.9829080104827881, 0.9789086580276489, 0.9863794445991516, 0.9812372326850891, 0.9828710556030273, 0.9806076884269714, 0.9839239716529846, 0.982677161693573, 0.9801074862480164, 0.9815725088119507, 0.9826632142066956, 0.9821361303329468, 0.9811209440231323, 0.9881944060325623, 0.9810133576393127, 0.9838075637817383, 0.9754140377044678, 0.9818447232246399, 0.9852104783058167, 0.9842255115509033, 0.9823091626167297, 0.9852201342582703, 0.9852643609046936, 0.981948971748352],