{"loss": [0.46397367119789124, 0.33787646889686584, 0.31097349524497986, 0.29152435064315796, 0.27930721640586853, 0.26798683404922485, 0.262520432472229, 0.2564169466495514, 0.2507679760456085, 0.24928832054138184, 0.24605922400951385, 0.24214988946914673, 0.24231654405593872, 0.23823072016239166, 0.23739053308963776, 0.23640559613704681, 0.23486772179603577, 0.23199324309825897, 0.23205257952213287, 0.22984124720096588, 0.22885994613170624, 0.2287241369485855, 0.22712327539920807, 0.22574584186077118, 0.22552251815795898, 0.2246621996164322, 0.22330959141254425, 0.2235598862171173, 0.2215585857629776, 0.22080659866333008, 0.2194243222475052, 0.2203947901725769, 0.21968387067317963, 0.2185850292444229, 0.21808534860610962, 0.21827778220176697, 0.21667049825191498, 0.21631485223770142, 0.21639218926429749, 0.2155296802520752, 0.21521741151809692, 0.21612098813056946, 0.21410112082958221, 0.2135445773601532, 0.21315763890743256, 0.21286140382289886, 0.21215076744556427, 0.21167397499084473, 0.21252396702766418, 0.2108905166387558], "sensitivity": [0.4729945957660675, 0.6358540058135986, 0.6611766815185547, 0.6814175248146057, 0.6941207051277161, 0.7061867117881775, 0.7129678726196289, 0.7193674445152283, 0.7244476675987244, 0.7264946699142456, 0.728974461555481, 0.7335717082023621, 0.7342309951782227, 0.7374469041824341, 0.7389816641807556, 0.7406655550003052, 0.7417551279067993, 0.7435762286186218, 0.7446293830871582, 0.7467831373214722, 0.7469600439071655, 0.7481366991996765, 0.7500450015068054, 0.7504842281341553, 0.750891387462616, 0.7522585988044739, 0.7530350685119629, 0.7531091570854187, 0.7542686462402344, 0.7549214363098145, 0.7563528418540955, 0.7555975914001465, 0.7563207745552063, 0.756952702999115, 0.7578105926513672, 0.7570127844810486, 0.7585775256156921, 0.7583561539649963, 0.7582941055297852, 0.7596281170845032, 0.7594894766807556, 0.7584748864173889, 0.760513961315155, 0.760715901851654, 0.7611377835273743, 0.7617397904396057, 0.7620720267295837, 0.7617846131324768, 0.7618497610092163, 0.7629643082618713], "specificity": [0.9620996713638306, 0.9674400091171265, 0.9707729816436768, 0.9727732539176941, 0.9742851257324219, 0.9753021001815796, 0.9757524132728577, 0.9764319658279419, 0.9771172404289246, 0.9773898720741272, 0.9779044985771179, 0.9781494140625, 0.9781683087348938, 0.9785333871841431, 0.9786143898963928, 0.9786616563796997, 0.978878915309906, 0.9793097376823425, 0.9792654514312744, 0.9793580174446106, 0.9797489643096924, 0.9795123338699341, 0.9796597957611084, 0.980039119720459, 0.9800254702568054, 0.9800221920013428, 0.980226993560791, 0.9802020192146301, 0.9804857969284058, 0.9806190729141235, 0.9807363152503967, 0.9805454015731812, 0.9807045459747314, 0.9808716773986816, 0.9808108806610107, 0.9809511303901672, 0.9810752868652344, 0.9812528491020203, 0.9812734127044678, 0.9812667369842529, 0.9812827706336975, 0.9813494682312012, 0.9814355969429016, 0.981526792049408, 0.9815509915351868, 0.9815724492073059, 0.9816297888755798, 0.9817752242088318, 0.9816093444824219, 0.9818820357322693], "accuracy": [0.9276414513587952, 0.9446128606796265, 0.9496520757675171, 0.9529498219490051, 0.955157458782196, 0.9570450186729431, 0.9578053951263428, 0.9589545130729675, 0.959933340549469, 0.9603445529937744, 0.9609602093696594, 0.9615095257759094, 0.9615106582641602, 0.9621203541755676, 0.9622591137886047, 0.9624549150466919, 0.9627038836479187, 0.9632278084754944, 0.9632619023323059, 0.9635215401649475, 0.9638524651527405, 0.9637237787246704, 0.9640058875083923, 0.9643794298171997, 0.9644071459770203, 0.964472770690918, 0.9647195339202881, 0.964706540107727, 0.9650524258613586, 0.9652466773986816, 0.965401291847229, 0.9652215838432312, 0.9654029011726379, 0.9655777812004089, 0.9655988812446594, 0.9656867384910583, 0.9659093618392944, 0.9660384654998779, 0.9660831093788147, 0.9662038087844849, 0.9661656022071838, 0.9662306904792786, 0.966353714466095, 0.9665055871009827, 0.9665790796279907, 0.966585636138916, 0.9667037129402161, 0.9668055772781372, 0.966659426689148, 0.9669598340988159], "val_loss": [0.34798941016197205, 0.34117987751960754, 0.30429452657699585, 0.27280664443969727, 0.2702564299106598, 0.26884809136390686, 0.251043438911438, 0.24797981977462769, 0.24588501453399658, 0.23887811601161957, 0.23881247639656067, 0.24934616684913635, 0.23292604088783264, 0.23721081018447876, 0.2327815145254135, 0.22932684421539307, 0.22636079788208008, 0.23539167642593384, 0.22385700047016144, 0.22274287045001984, 0.22709357738494873, 0.221274733543396, 0.22016069293022156, 0.21838651597499847, 0.22198833525180817, 0.21972084045410156, 0.21795475482940674, 0.21895486116409302, 0.2223636955022812, 0.21355511248111725, 0.2171097695827484, 0.21486303210258484, 0.21308618783950806, 0.2149072140455246, 0.21057207882404327, 0.21565693616867065, 0.2138153314590454, 0.21166881918907166, 0.20935866236686707, 0.21065300703048706, 0.20919378101825714, 0.20927004516124725, 0.2142808586359024, 0.20839671790599823, 0.20954343676567078, 0.20757678151130676, 0.21306833624839783, 0.21090739965438843, 0.21170012652873993, 0.20706912875175476], "val_sensitivity": [0.6166402101516724, 0.5873721241950989, 0.736042857170105, 0.6879376769065857, 0.7252113819122314, 0.6431224942207336, 0.7532229423522949, 0.6894217729568481, 0.7197028994560242, 0.7144734263420105, 0.7744038701057434, 0.7275496125221252, 0.7638860940933228, 0.7801206111907959, 0.711942732334137, 0.7638294100761414, 0.7530177235603333, 0.7935191988945007, 0.7436640858650208, 0.7481964826583862, 0.7977901101112366, 0.7635394334793091, 0.7434535622596741, 0.773410439491272, 0.7876731157302856, 0.740430474281311, 0.7866525053977966, 0.7767648696899414, 0.7059593796730042, 0.7663539052009583, 0.746536374092102, 0.772311270236969, 0.7531970739364624, 0.7908157110214233, 0.763629138469696, 0.757079541683197, 0.7214307188987732, 0.7629638910293579, 0.776900589466095, 0.7536941170692444, 0.7777536511421204, 0.7663121223449707, 0.7399806380271912, 0.7555945515632629, 0.776661217212677, 0.7657049894332886, 0.7219964265823364, 0.775023341178894, 0.7253974676132202, 0.7785512804985046], "val_specificity": [0.9679667949676514, 0.9762600064277649, 0.9606059789657593, 0.9763572216033936, 0.9716729521751404, 0.983847975730896, 0.972990095615387, 0.9823727607727051, 0.9787582755088806, 0.9811768531799316, 0.9734665751457214, 0.977143406867981, 0.9762133359909058, 0.9735060334205627, 0.9829741716384888, 0.9776313304901123, 0.9791886806488037, 0.9727233052253723, 0.9811493158340454, 0.980765163898468, 0.973746120929718, 0.979098916053772, 0.9818771481513977, 0.9788158535957336, 0.9763110280036926, 0.9822819232940674, 0.977536678314209, 0.9786838889122009, 0.986025333404541, 0.9808107018470764, 0.9822943806648254, 0.9800155758857727, 0.9824284315109253, 0.9775091409683228, 0.9818161129951477, 0.9811907410621643, 0.9857312440872192, 0.9816097617149353, 0.9804443120956421, 0.9829850196838379, 0.9802504181861877, 0.9818680286407471, 0.9838423728942871, 0.9831566214561462, 0.9804106950759888, 0.9824639558792114, 0.9859933257102966, 0.9805750846862793, 0.9859664440155029, 0.9806311726570129],