{"loss": [0.7024938464164734, 0.4491787552833557, 0.4197407066822052, 0.38647300004959106, 0.39385920763015747, 0.3741033375263214, 0.36729705333709717, 0.35802263021469116, 0.3589070737361908, 0.3500092625617981, 0.33187949657440186, 0.3288719952106476, 0.33234769105911255, 0.3225690424442291, 0.3197042942047119, 0.3221595883369446, 0.32243043184280396, 0.31384897232055664, 0.3070322275161743, 0.2989810109138489, 0.3007842004299164, 0.2927185893058777, 0.2796022593975067, 0.2764023244380951, 0.2793925702571869, 0.2817046344280243, 0.2828657627105713, 0.2877494692802429, 0.2825791537761688, 0.27544599771499634], "sensitivity": [0.07784859091043472, 0.5433445572853088, 0.5574405789375305, 0.5844343304634094, 0.5760530829429626, 0.5958808064460754, 0.6057685613632202, 0.6068075299263, 0.608982503414154, 0.6196373105049133, 0.6331933736801147, 0.6318055391311646, 0.630735456943512, 0.6418134570121765, 0.644006609916687, 0.6395838856697083, 0.6399543881416321, 0.651211142539978, 0.6512365937232971, 0.6618643999099731, 0.6587215065956116, 0.6673672795295715, 0.6766660809516907, 0.6831344366073608, 0.6777119040489197, 0.6753217577934265, 0.6765648722648621, 0.6767646670341492, 0.6771953105926514, 0.6863083839416504], "specificity": [0.9782070517539978, 0.9518312215805054, 0.9595630764961243, 0.9621915221214294, 0.9647307395935059, 0.9659414887428284, 0.9672936201095581, 0.9678263664245605, 0.9689888954162598, 0.9697166681289673, 0.9700958728790283, 0.9717578291893005, 0.9726616740226746, 0.9735158681869507, 0.9740080237388611, 0.9746673107147217, 0.9739789962768555, 0.9750193357467651, 0.9752745628356934, 0.9750757217407227, 0.9763584733009338, 0.9768791794776917, 0.9767450094223022, 0.9777316451072693, 0.9781231880187988, 0.9764302968978882, 0.977275013923645, 0.9765670895576477, 0.9779744148254395, 0.9770317673683167], "accuracy": [0.9164873361587524, 0.9261371493339539, 0.934838056564331, 0.9379382729530334, 0.9416699409484863, 0.9442116618156433, 0.9452396035194397, 0.9455065131187439, 0.9471257925033569, 0.9490495920181274, 0.9493203163146973, 0.9508180618286133, 0.9521020650863647, 0.9536336660385132, 0.9542067050933838, 0.954695463180542, 0.9541859030723572, 0.9557634592056274, 0.9555587768554688, 0.955393373966217, 0.9573477506637573, 0.9576911926269531, 0.9581654667854309, 0.9592259526252747, 0.9599461555480957, 0.9573071002960205, 0.9587993025779724, 0.9578628540039062, 0.9598647356033325, 0.9587964415550232], "val_loss": [0.5209046602249146, 0.4287432134151459, 0.42545706033706665, 0.38601845502853394, 0.403398334980011, 0.3555507957935333, 0.35877692699432373, 0.34890368580818176, 0.3456559479236603, 0.3423866927623749, 0.3311512768268585, 0.3486156165599823, 0.3232497274875641, 0.3229239583015442, 0.32633036375045776, 0.3103572428226471, 0.3125460147857666, 0.3202761709690094, 0.288404643535614, 0.29953792691230774, 0.28978440165519714, 0.28935736417770386, 0.30632269382476807, 0.29828372597694397, 0.28839311003685, 0.29277461767196655, 0.31278690695762634, 0.3042683005332947, 0.2686786949634552, 0.2704058289527893], "val_sensitivity": [0.31163668632507324, 0.4862929880619049, 0.6140443086624146, 0.6652652621269226, 0.6941660046577454, 0.6392114758491516, 0.5637330412864685, 0.6582420468330383, 0.6852945685386658, 0.6561247110366821, 0.5909352898597717, 0.7566791772842407, 0.6257344484329224, 0.6118711829185486, 0.6729268431663513, 0.5938873291015625, 0.6383456587791443, 0.5840302109718323, 0.6410791277885437, 0.645500659942627, 0.6675864458084106, 0.6626850962638855, 0.646467387676239, 0.6242136359214783, 0.6655730605125427, 0.6306214928627014, 0.7828463315963745, 0.7507032752037048, 0.7079065442085266, 0.6899154782295227], "val_specificity": [0.9834407567977905, 0.9732285737991333, 0.9475014209747314, 0.9501512050628662, 0.9397477507591248, 0.9637840986251831, 0.9750438928604126, 0.9618043899536133, 0.9607470631599426, 0.96515291929245, 0.978471577167511, 0.9468289017677307, 0.9747167229652405, 0.9775344729423523, 0.9667609930038452, 0.9825703501701355, 0.9767488241195679, 0.9821128845214844, 0.981651782989502, 0.97845059633255, 0.9782737493515015, 0.9786517024040222, 0.9781940579414368, 0.9828449487686157, 0.977763295173645, 0.9824568033218384, 0.9569993019104004, 0.9632589221000671, 0.9778569340705872, 0.9789115786552429], "val_accuracy": [0.941267728805542, 0.9432538747787476, 0.9288973808288574, 0.9334058165550232, 0.9265474081039429, 0.9443071484565735, 0.9495805501937866, 0.942975640296936, 0.9445334076881409, 0.9462045431137085, 0.9545466899871826, 0.9357743263244629, 0.9534077048301697, 0.9555034041404724, 0.9490690231323242, 0.9587109088897705, 0.9559977650642395, 0.9571906328201294, 0.961231529712677, 0.9588830471038818, 0.9601314067840576, 0.9603090286254883, 0.9590264558792114, 0.9609679579734802, 0.9590470194816589, 0.959980309009552, 0.9476848244667053, 0.9518827795982361, 0.9621365070343018, 0.9613757729530334]}