{"loss": [0.4166114926338196, 0.2900662422180176, 0.26841700077056885, 0.256096214056015, 0.2486734390258789, 0.242396742105484, 0.2379959225654602, 0.23418210446834564, 0.2310461848974228, 0.22847317159175873, 0.2250564694404602, 0.2235250473022461, 0.22100119292736053, 0.2194885015487671, 0.21735234558582306, 0.2156398892402649, 0.21345695853233337, 0.21090909838676453, 0.20979726314544678, 0.20797668397426605, 0.2054997682571411, 0.20511682331562042, 0.20313307642936707, 0.20037661492824554, 0.19967149198055267, 0.1972784548997879, 0.19618642330169678, 0.19524335861206055, 0.19418977200984955, 0.19322364032268524], "sensitivity": [0.5757070779800415, 0.6711881756782532, 0.6998644471168518, 0.7128760814666748, 0.7209372520446777, 0.7278140783309937, 0.7314488887786865, 0.7360296249389648, 0.7384259104728699, 0.7409123778343201, 0.7434036135673523, 0.7440339922904968, 0.746877908706665, 0.7468252182006836, 0.7493955492973328, 0.7499772906303406, 0.7515909075737, 0.7523584365844727, 0.7531518936157227, 0.754828155040741, 0.7549295425415039, 0.7561887502670288, 0.7559435367584229, 0.757968008518219, 0.7580232620239258, 0.7597432136535645, 0.759946346282959, 0.7600621581077576, 0.7604949474334717, 0.760964035987854], "specificity": [0.9509633183479309, 0.975943922996521, 0.9771037697792053, 0.9777781367301941, 0.9783668518066406, 0.978855311870575, 0.9793891906738281, 0.9796711802482605, 0.9800626635551453, 0.9802758693695068, 0.9807548522949219, 0.9809504151344299, 0.9811490178108215, 0.9814423322677612, 0.9816097617149353, 0.9818806052207947, 0.9821646213531494, 0.9825927019119263, 0.9827739596366882, 0.9829237461090088, 0.983394205570221, 0.9833351373672485, 0.9837915301322937, 0.9841143488883972, 0.9842609763145447, 0.9845396280288696, 0.9847699999809265, 0.9849759936332703, 0.9850220680236816, 0.9852555990219116], "accuracy": [0.9252004027366638, 0.9550775289535522, 0.9581582546234131, 0.9596458673477173, 0.9607648849487305, 0.9616963267326355, 0.9624632596969604, 0.9630080461502075, 0.9635408520698547, 0.9639389514923096, 0.964531660079956, 0.9647595286369324, 0.9651620388031006, 0.9654743075370789, 0.965774416923523, 0.9660540223121643, 0.9664575457572937, 0.9668940901756287, 0.9671383500099182, 0.9673689007759094, 0.9678703546524048, 0.9678754210472107, 0.9683231711387634, 0.9687018394470215, 0.9688786864280701, 0.9692480564117432, 0.9694780111312866, 0.9696752429008484, 0.9697743058204651, 0.9699620604515076], "val_loss": [0.7431433796882629, 0.5898594260215759, 0.3371812701225281, 0.2595199644565582, 0.24550357460975647, 0.24747234582901, 0.22836096584796906, 0.22536832094192505, 0.22245962917804718, 0.22174838185310364, 0.22089514136314392, 0.21829219162464142, 0.2160400152206421, 0.2193826586008072, 0.2136164754629135, 0.2136361449956894, 0.20989163219928741, 0.2118658721446991, 0.20885664224624634, 0.20665037631988525, 0.21622294187545776, 0.2063886672258377, 0.2031056433916092, 0.20427213609218597, 0.2030583769083023, 0.20565810799598694, 0.20577169954776764, 0.199274942278862, 0.19889184832572937, 0.19865940511226654], "val_sensitivity": [0.06226488947868347, 0.4185401201248169, 0.5399637222290039, 0.6818084120750427, 0.6725402474403381, 0.6476738452911377, 0.7463064193725586, 0.7291212677955627, 0.7548795342445374, 0.7236257791519165, 0.7726542353630066, 0.7251276969909668, 0.733085572719574, 0.6977314352989197, 0.7343097925186157, 0.7334941029548645, 0.7541909217834473, 0.7253673672676086, 0.7468224167823792, 0.7471030950546265, 0.807899534702301, 0.7439290881156921, 0.7553930282592773, 0.7668587565422058, 0.744118869304657, 0.7885665893554688, 0.7986679673194885, 0.7470536828041077, 0.748464047908783, 0.7424054145812988], "val_specificity": [0.9987219572067261, 0.9880777597427368, 0.9881806969642639, 0.9806226491928101, 0.9848683476448059, 0.9875993132591248, 0.9790428280830383, 0.9818729758262634, 0.9792678356170654, 0.9832765460014343, 0.9773232340812683, 0.9838418960571289, 0.9833418726921082, 0.9869610071182251, 0.9837082028388977, 0.983795166015625, 0.9819755554199219, 0.985004723072052, 0.9830918312072754, 0.9835498332977295, 0.9737024903297424, 0.9839507937431335, 0.9832481145858765, 0.981590211391449, 0.9844605326652527, 0.9786345362663269, 0.9772520661354065, 0.9849360585212708, 0.9848902225494385, 0.9855843186378479], "val_accuracy": [0.9341621398925781, 0.9489942789077759, 0.9574798941612244, 0.9601871371269226, 0.9634986519813538, 0.9643080234527588, 0.9631556868553162, 0.9646128416061401, 0.9639414548873901, 0.9655280709266663, 0.9633594155311584, 0.9661417603492737, 0.9662400484085083, 0.9671761393547058, 0.9666738510131836, 0.9666517972946167, 0.9664323925971985, 0.9672430157661438, 0.9669321775436401, 0.9673922061920166, 0.9624468088150024, 0.9675310850143433, 0.9676854610443115, 0.9669603109359741, 0.9680787324905396, 0.9656930565834045, 0.9651277661323547, 0.9687031507492065, 0.9687522053718567, 0.9689850807189941]}