{"loss": [0.3362431526184082, 0.24283467233181, 0.22444701194763184, 0.21690773963928223, 0.21118633449077606, 0.20753465592861176, 0.20470620691776276, 0.20142430067062378, 0.19829192757606506, 0.19656307995319366, 0.1942133605480194, 0.19271977245807648, 0.1910378336906433, 0.18952570855617523, 0.187993586063385, 0.1867811679840088, 0.18479852378368378, 0.18335911631584167, 0.18160414695739746, 0.18088608980178833, 0.17952854931354523, 0.1783188134431839, 0.17743659019470215, 0.1773572564125061, 0.17554648220539093, 0.17445586621761322, 0.17345336079597473, 0.17283976078033447, 0.17202439904212952, 0.17099779844284058, 0.17006438970565796, 0.16959844529628754, 0.16823914647102356, 0.168519988656044, 0.16777655482292175, 0.16647213697433472, 0.16604892909526825, 0.16653117537498474, 0.1649400293827057, 0.16445408761501312], "sensitivity": [0.6518778800964355, 0.7338013052940369, 0.7565363049507141, 0.766094446182251, 0.7726964950561523, 0.7758080959320068, 0.7776873111724854, 0.7805603742599487, 0.7829521894454956, 0.7829968333244324, 0.7833371162414551, 0.7837221026420593, 0.7839195132255554, 0.7839392423629761, 0.7847098112106323, 0.7836071848869324, 0.7838342785835266, 0.7836103439331055, 0.7846019268035889, 0.7837346196174622, 0.783283531665802, 0.7840386629104614, 0.785010576248169, 0.7841671705245972, 0.7845664620399475, 0.7848965525627136, 0.7845511436462402, 0.7851340174674988, 0.7847304344177246, 0.7856217622756958, 0.7846660614013672, 0.7853549718856812, 0.7854527831077576, 0.7855339646339417, 0.7859446406364441, 0.7860121130943298, 0.7861887216567993, 0.7869237661361694, 0.787169337272644, 0.7865545153617859], "specificity": [0.9659702181816101, 0.978224515914917, 0.979586660861969, 0.9800835847854614, 0.9804561138153076, 0.9808745980262756, 0.9811869859695435, 0.9815903306007385, 0.9818762540817261, 0.9822498559951782, 0.9826072454452515, 0.9828310012817383, 0.9831032752990723, 0.983401358127594, 0.983497142791748, 0.9838082194328308, 0.9840860366821289, 0.9843751788139343, 0.9845103025436401, 0.9846458435058594, 0.9849324822425842, 0.9850142002105713, 0.9851127862930298, 0.9851480722427368, 0.9854394793510437, 0.9855992197990417, 0.9857800602912903, 0.985783040523529, 0.985963761806488, 0.9861046671867371, 0.9863704442977905, 0.9863486886024475, 0.9866231679916382, 0.9864960312843323, 0.9865669012069702, 0.9868087768554688, 0.9868550896644592, 0.986708402633667, 0.9869497418403625, 0.9871212840080261], "accuracy": [0.9443138837814331, 0.961438000202179, 0.9642505645751953, 0.9653746485710144, 0.966187059879303, 0.9667950868606567, 0.9672502875328064, 0.9677762389183044, 0.968263566493988, 0.9686140418052673, 0.9689589738845825, 0.9692022800445557, 0.9694764018058777, 0.969754695892334, 0.9699198007583618, 0.9701296091079712, 0.9704177975654602, 0.9706864953041077, 0.9708887338638306, 0.970963180065155, 0.9711790084838867, 0.9713134765625, 0.9714826941490173, 0.9714462161064148, 0.9717422723770142, 0.9719200134277344, 0.9720802307128906, 0.9721168875694275, 0.9722752571105957, 0.9724404811859131, 0.9726239442825317, 0.9726635813713074, 0.9729248881340027, 0.9727997183799744, 0.9729217886924744, 0.9731529951095581, 0.973189651966095, 0.9731336832046509, 0.9733668565750122, 0.9734877943992615], "val_loss": [0.6870043277740479, 0.24033093452453613, 0.21823860704898834, 0.2155209630727768, 0.208619624376297, 0.20605552196502686, 0.20656219124794006, 0.20026908814907074, 0.1972242295742035, 0.1960391402244568, 0.20357950031757355, 0.1960996836423874, 0.2003353238105774, 0.1922006756067276, 0.190874844789505, 0.19032345712184906, 0.18663977086544037, 0.18587727844715118, 0.1877565234899521, 0.1854199767112732, 0.19082915782928467, 0.18457384407520294, 0.1855417788028717, 0.1840292364358902, 0.18296745419502258, 0.1799091398715973, 0.1891937553882599, 0.19569984078407288, 0.1780952364206314, 0.18165108561515808, 0.1795179396867752, 0.1792411506175995, 0.18427050113677979, 0.18261367082595825, 0.18674558401107788, 0.17905154824256897, 0.17687708139419556, 0.1752265989780426, 0.1759156584739685, 0.1844957023859024], "val_sensitivity": [0.15733355283737183, 0.7533634305000305, 0.7542563080787659, 0.7509403824806213, 0.7797898054122925, 0.7600017189979553, 0.8104521632194519, 0.7924305200576782, 0.782151997089386, 0.7713477611541748, 0.720955491065979, 0.8198183178901672, 0.7243031859397888, 0.7642112374305725, 0.7662314772605896, 0.7686765193939209, 0.7759262323379517, 0.773559033870697, 0.7520411014556885, 0.7972067594528198, 0.8265971541404724, 0.7989993691444397, 0.7890676856040955, 0.7950159907341003, 0.7597173452377319, 0.78227698802948, 0.833065390586853, 0.8439098000526428, 0.7770225405693054, 0.8017954230308533, 0.8014963865280151, 0.8079463243484497, 0.8184719681739807, 0.8239565491676331, 0.8390433192253113, 0.8128100037574768, 0.8068513870239258, 0.8006771206855774, 0.7973906397819519, 0.8249952793121338], "val_specificity": [0.9979308247566223, 0.97553950548172, 0.9809922575950623, 0.9818352460861206, 0.9798475503921509, 0.9827592372894287, 0.9762622117996216, 0.9801150560379028, 0.9819983839988708, 0.983394980430603, 0.9875237345695496, 0.9774919152259827, 0.9877259731292725, 0.9849448204040527, 0.9848571419715881, 0.984585702419281, 0.9845829606056213, 0.984682559967041, 0.9866835474967957, 0.9819990992546082, 0.9776745438575745, 0.982342541217804, 0.9829272627830505, 0.9824963212013245, 0.9866002798080444, 0.9849062561988831, 0.9773308038711548, 0.9748148918151855, 0.9856370687484741, 0.9826056361198425, 0.9829807877540588, 0.9822468757629395, 0.9801636338233948, 0.9799067974090576, 0.9771508574485779, 0.9816952347755432, 0.9826684594154358, 0.9835620522499084, 0.9840090274810791, 0.9795790314674377], "val_accuracy": [0.9388140439987183, 0.9602324366569519, 0.9652944207191467, 0.9658763408660889, 0.9660401344299316, 0.9673566818237305, 0.9648895263671875, 0.9671670198440552, 0.9682215452194214, 0.9687814116477966, 0.9690396189689636, 0.9666915535926819, 0.9694623947143555, 0.9697033762931824, 0.9697667956352234, 0.9697023630142212, 0.9702082276344299, 0.9701454043388367, 0.9705007076263428, 0.9693602919578552, 0.9673197865486145, 0.9697501063346863, 0.9695669412612915, 0.9696131944656372, 0.9709752798080444, 0.9709489345550537, 0.9674625396728516, 0.9658839106559753, 0.9712877869606018, 0.9701694250106812, 0.970529317855835, 0.9702897071838379, 0.9690804481506348, 0.9692227244377136, 0.967723548412323, 0.9701119065284729, 0.9706069827079773, 0.9710227251052856, 0.9711781740188599, 0.9689890742301941]}