{"loss": [0.349862277507782, 0.2586010694503784, 0.23768191039562225, 0.22777725756168365, 0.21996159851551056, 0.21429657936096191, 0.2108587771654129, 0.20920684933662415, 0.20473125576972961, 0.2024780958890915, 0.2011299431324005, 0.19886565208435059, 0.19838197529315948, 0.19657154381275177, 0.1942695528268814, 0.19287513196468353, 0.19166167080402374, 0.19107452034950256, 0.18922226130962372, 0.18777023255825043, 0.18654881417751312, 0.1854817122220993, 0.18388907611370087, 0.18226514756679535, 0.1815066635608673, 0.1804838478565216, 0.17959903180599213, 0.17940418422222137, 0.17701788246631622, 0.17647381126880646, 0.17544656991958618, 0.17553795874118805, 0.1741398572921753, 0.17312707006931305, 0.17242693901062012, 0.17243415117263794, 0.17079471051692963, 0.1702478528022766, 0.1699240505695343, 0.168788343667984], "sensitivity": [0.6350099444389343, 0.7166591286659241, 0.7433086037635803, 0.7554975152015686, 0.7631294131278992, 0.7695550322532654, 0.7719277739524841, 0.7741450667381287, 0.7774738669395447, 0.7789974212646484, 0.7796034812927246, 0.7811828255653381, 0.7804223299026489, 0.7814174294471741, 0.7825558185577393, 0.7824201583862305, 0.7821148633956909, 0.7826144695281982, 0.782236635684967, 0.7822808623313904, 0.7819533944129944, 0.7817679047584534, 0.7820436358451843, 0.7819452881813049, 0.7816120386123657, 0.7827181816101074, 0.7817522883415222, 0.7821049690246582, 0.7821517586708069, 0.7824235558509827, 0.7819854617118835, 0.7823776602745056, 0.7829304337501526, 0.7824337482452393, 0.7823696732521057, 0.7830224633216858, 0.7833564877510071, 0.7827286124229431, 0.7832933664321899, 0.7832655906677246], "specificity": [0.9614456295967102, 0.9768494963645935, 0.9784918427467346, 0.9790240526199341, 0.9797671437263489, 0.980179488658905, 0.9806037545204163, 0.9807491898536682, 0.9812321066856384, 0.9815100431442261, 0.9817391037940979, 0.9819504618644714, 0.9821639657020569, 0.9823805093765259, 0.9826371669769287, 0.9829084873199463, 0.9831258654594421, 0.9831451773643494, 0.9834858775138855, 0.983798086643219, 0.9839235544204712, 0.9841163754463196, 0.9843801856040955, 0.9845812916755676, 0.9847170114517212, 0.9847915768623352, 0.9850097894668579, 0.9849530458450317, 0.9853662252426147, 0.9854556322097778, 0.985611617565155, 0.9855760335922241, 0.98580002784729, 0.9859934449195862, 0.9861044883728027, 0.9860610961914062, 0.9863303899765015, 0.9864320158958435, 0.9864462614059448, 0.9866487979888916], "accuracy": [0.9390221834182739, 0.95887690782547, 0.9623236060142517, 0.9636140465736389, 0.9648900032043457, 0.9657107591629028, 0.96626877784729, 0.9665469527244568, 0.9672644734382629, 0.9676377177238464, 0.9678698778152466, 0.9682389497756958, 0.9683500528335571, 0.9685985445976257, 0.9689577221870422, 0.9692011475563049, 0.9693843722343445, 0.9694454669952393, 0.9697414636611938, 0.9700358510017395, 0.9701619744300842, 0.9703136086463928, 0.9705506563186646, 0.9707834124565125, 0.970869779586792, 0.9709981679916382, 0.9711448550224304, 0.971107006072998, 0.9714988470077515, 0.9715892672538757, 0.9717475771903992, 0.971708357334137, 0.9719799160957336, 0.9721432328224182, 0.9722374081611633, 0.9722126722335815, 0.9725006818771362, 0.9725831151008606, 0.9726212024688721, 0.9728344082832336], "val_loss": [0.7446794509887695, 0.26595428586006165, 0.23979714512825012, 0.22219668328762054, 0.21820271015167236, 0.22931890189647675, 0.2118791788816452, 0.20456959307193756, 0.20307756960391998, 0.20251688361167908, 0.21630825102329254, 0.21102412045001984, 0.1959628015756607, 0.19452175498008728, 0.1938454955816269, 0.19227632880210876, 0.19993053376674652, 0.19667138159275055, 0.18932491540908813, 0.18861445784568787, 0.18718208372592926, 0.191425621509552, 0.18801596760749817, 0.18981675803661346, 0.18728457391262054, 0.18725821375846863, 0.18397292494773865, 0.18449540436267853, 0.18295316398143768, 0.183241605758667, 0.18160027265548706, 0.17909136414527893, 0.1804710477590561, 0.1827460527420044, 0.17887075245380402, 0.17898789048194885, 0.18327046930789948, 0.18157117068767548, 0.1787155270576477, 0.17962928116321564], "val_sensitivity": [0.09890886396169662, 0.6519916653633118, 0.8053134083747864, 0.7435844540596008, 0.7389928102493286, 0.6725635528564453, 0.812562882900238, 0.7695824503898621, 0.7842938303947449, 0.8019050359725952, 0.6861491799354553, 0.7303290367126465, 0.7796335816383362, 0.7690832614898682, 0.8015367388725281, 0.7679541110992432, 0.8013738393783569, 0.7312755584716797, 0.782933235168457, 0.7891300916671753, 0.7764043211936951, 0.8126345872879028, 0.7558615803718567, 0.7741894721984863, 0.8108640909194946, 0.811337411403656, 0.7699854969978333, 0.7599310278892517, 0.7881327867507935, 0.7946460843086243, 0.7851344347000122, 0.767564058303833, 0.8121179938316345, 0.7680085301399231, 0.8056917786598206, 0.7861109375953674, 0.7262917160987854, 0.8208240270614624, 0.8012868165969849, 0.7852683067321777], "val_specificity": [0.9985694289207458, 0.9842480421066284, 0.969326376914978, 0.9815225005149841, 0.9830600023269653, 0.9885056614875793, 0.9753257632255554, 0.9821265935897827, 0.9805997610092163, 0.9786723852157593, 0.9890366196632385, 0.9854004383087158, 0.9825625419616699, 0.9841120839118958, 0.9805684685707092, 0.9845572113990784, 0.9790837168693542, 0.9874396920204163, 0.9833258390426636, 0.982878565788269, 0.9844598770141602, 0.9796686768531799, 0.9863137602806091, 0.9840094447135925, 0.9805881977081299, 0.9806143045425415, 0.9855108857154846, 0.9866687059402466, 0.983873188495636, 0.9832835793495178, 0.9844604730606079, 0.9865390062332153, 0.981745719909668, 0.9860714077949524, 0.9827296733856201, 0.9848684072494507, 0.9897745847702026, 0.980679452419281, 0.9833713173866272, 0.9846816062927246], "val_accuracy": [0.9370516538619995, 0.9618344902992249, 0.9583224654197693, 0.9654397964477539, 0.9665497541427612, 0.9670553207397461, 0.9643903374671936, 0.9677824974060059, 0.9673413634300232, 0.9667677283287048, 0.968461275100708, 0.9681846499443054, 0.9688723087310791, 0.9695621132850647, 0.9685413241386414, 0.9699429869651794, 0.9672083854675293, 0.970138669013977, 0.9697782397270203, 0.9698570370674133, 0.9704298973083496, 0.968465268611908, 0.9707235097885132, 0.9698426723480225, 0.9692075252532959, 0.969243586063385, 0.9709634184837341, 0.9713553786277771, 0.9707132577896118, 0.9705926775932312, 0.9710672497749329, 0.9717907905578613, 0.9703575372695923, 0.9713671803474426, 0.9708398580551147, 0.9714894890785217, 0.9719686508178711, 0.9699544906616211, 0.9711002111434937, 0.9712640047073364]}