{"loss": [0.43684786558151245], "sensitivity": [0.5751420259475708], "specificity": [0.9462199807167053], "accuracy": [0.9217440485954285], "val_loss": [0.7514321208000183], "val_sensitivity": [0.07230182737112045], "val_specificity": [0.9962526559829712], "val_accuracy": [0.9330693483352661]}