{"loss": [0.2984168529510498, 0.237369567155838, 0.22329318523406982], "sensitivity": [0.6889879107475281, 0.7399696707725525, 0.7475497722625732], "specificity": [0.9735493063926697, 0.9807159900665283, 0.9823816418647766], "accuracy": [0.954804539680481, 0.965114951133728, 0.9673454165458679], "val_loss": [0.2794401943683624, 0.2710678279399872, 0.25893688201904297], "val_sensitivity": [0.7021362781524658, 0.6584029197692871, 0.6956390142440796], "val_specificity": [0.9759299755096436, 0.9837229251861572, 0.9813607335090637], "val_accuracy": [0.9590577483177185, 0.9630533456802368, 0.9634652733802795]}