{"loss": [0.2962660789489746, 0.23604972660541534, 0.2231505662202835, 0.21413926780223846, 0.2075493037700653, 0.20203544199466705, 0.19804857671260834, 0.19575197994709015, 0.19340136647224426, 0.19124926626682281, 0.18930743634700775, 0.18850766122341156, 0.1863858848810196, 0.18528307974338531, 0.18430639803409576, 0.1830822080373764, 0.18210524320602417, 0.1809312403202057, 0.18097248673439026, 0.18046322464942932, 0.17875279486179352, 0.1785198450088501, 0.17732542753219604, 0.17674922943115234, 0.1765705794095993, 0.1760023832321167, 0.1753120869398117, 0.17467445135116577, 0.1738971471786499, 0.17317458987236023], "sensitivity": [0.6918336153030396, 0.7400903105735779, 0.7485343217849731, 0.7533475756645203, 0.7579498887062073, 0.7619916200637817, 0.7659822106361389, 0.7685331106185913, 0.7706045508384705, 0.7730520367622375, 0.775425910949707, 0.7762588262557983, 0.7785423994064331, 0.7796428799629211, 0.7807558178901672, 0.7820416688919067, 0.7831394672393799, 0.784476101398468, 0.7851119041442871, 0.7858296036720276, 0.7871538400650024, 0.7874249815940857, 0.7887101769447327, 0.7895562052726746, 0.789512038230896, 0.7905159592628479, 0.7911046743392944, 0.7919937968254089, 0.7925991415977478, 0.7931976318359375], "specificity": [0.9718777537345886, 0.9810866713523865, 0.9823067784309387, 0.983394205570221, 0.9837696552276611, 0.9841294884681702, 0.9843432903289795, 0.9844338297843933, 0.9845783710479736, 0.9846693277359009, 0.9847148656845093, 0.9847528338432312, 0.9848747849464417, 0.98487788438797, 0.9849887490272522, 0.9850283861160278, 0.9850788712501526, 0.9851157069206238, 0.9850791096687317, 0.9851668477058411, 0.9852690100669861, 0.9853232502937317, 0.985324501991272, 0.9854011535644531, 0.9853860139846802, 0.9853651523590088, 0.9855033755302429, 0.9854914546012878, 0.9855746626853943, 0.9856191277503967], "accuracy": [0.9534786343574524, 0.965597927570343, 0.9674478769302368, 0.968848705291748, 0.9695320129394531, 0.9701367616653442, 0.9705938100814819, 0.9708461165428162, 0.9711322784423828, 0.9714102149009705, 0.97161465883255, 0.9716896414756775, 0.9719686508178711, 0.9720834493637085, 0.9722387194633484, 0.9723804593086243, 0.9724873304367065, 0.9725950360298157, 0.9726166129112244, 0.9727550745010376, 0.9729422926902771, 0.973003089427948, 0.9730774164199829, 0.9732265472412109, 0.9732325673103333, 0.9732635021209717, 0.973426103591919, 0.9734635353088379, 0.973591148853302, 0.9736717939376831], "val_loss": [0.28222042322158813, 0.2655962407588959, 0.25913500785827637, 0.27525433897972107, 0.24949444830417633, 0.2549808621406555, 0.25419723987579346, 0.25275689363479614, 0.25042960047721863, 0.24699674546718597, 0.2516230642795563, 0.24888482689857483, 0.2558208405971527, 0.24503447115421295, 0.2754049301147461, 0.24142758548259735, 0.24030116200447083, 0.24480436742305756, 0.24293634295463562, 0.2413363754749298, 0.2406558096408844, 0.2511942684650421, 0.23699785768985748, 0.2448493391275406, 0.23994141817092896, 0.23828737437725067, 0.23786790668964386, 0.24729809165000916, 0.23796434700489044, 0.24529708921909332], "val_sensitivity": [0.6843532919883728, 0.672730565071106, 0.7614895105361938, 0.6326970458030701, 0.7090471982955933, 0.6700428128242493, 0.6912773847579956, 0.6881120204925537, 0.7264867424964905, 0.7373524308204651, 0.6848353147506714, 0.6984971761703491, 0.6677189469337463, 0.7170023322105408, 0.6294368505477905, 0.7131379246711731, 0.7075797319412231, 0.7098098993301392, 0.7033510804176331, 0.7177421450614929, 0.7173303961753845, 0.6846069097518921, 0.7341676354408264, 0.7014319896697998, 0.7134619951248169, 0.7239348888397217, 0.7349888682365417, 0.6913314461708069, 0.7226370573043823, 0.6917378306388855], "val_specificity": [0.9786761999130249, 0.9832943677902222, 0.9727254509925842, 0.9865891933441162, 0.9814254641532898, 0.9845386147499084, 0.9826526641845703, 0.9833081960678101, 0.9789952635765076, 0.9779711961746216, 0.9837730526924133, 0.9827677011489868, 0.984586775302887, 0.981002688407898, 0.9865188002586365, 0.9824531674385071, 0.9831200242042542, 0.9823111891746521, 0.9830842018127441, 0.9818346500396729, 0.9824196100234985, 0.9838485717773438, 0.980818510055542, 0.9831628799438477, 0.9826796054840088, 0.9819223880767822, 0.9808505177497864, 0.9840185046195984, 0.9821048378944397, 0.9841597676277161], "val_accuracy": [0.9604871273040771, 0.9637367725372314, 0.9600765109062195, 0.9642022848129272, 0.9645705819129944, 0.9647905826568604, 0.9646783471107483, 0.9650082588195801, 0.9637426137924194, 0.9633628129959106, 0.9652014374732971, 0.9652550220489502, 0.9648215770721436, 0.9647950530052185, 0.9639744758605957, 0.9658387303352356, 0.9659713506698608, 0.9655261039733887, 0.965770959854126, 0.9656196236610413, 0.9660713076591492, 0.965246319770813, 0.9657272696495056, 0.9657577872276306, 0.9660165905952454, 0.966050386428833, 0.9657835364341736, 0.9657802581787109, 0.9660352468490601, 0.965916633605957]}