{"loss": [0.4333367943763733, 0.3172822892665863, 0.2946665287017822, 0.2815041244029999, 0.2732847034931183, 0.2630770802497864, 0.2608424723148346, 0.2564719021320343, 0.2568131983280182, 0.25228217244148254, 0.24900442361831665, 0.24442589282989502, 0.24422332644462585, 0.24185813963413239, 0.24611632525920868, 0.24351467192173004, 0.2354663461446762, 0.2421935498714447, 0.23761440813541412, 0.23015403747558594, 0.2296249121427536, 0.2325105369091034, 0.22673217952251434, 0.2246682047843933, 0.23085418343544006, 0.22244125604629517, 0.22236207127571106, 0.2189445048570633, 0.2144441306591034, 0.21469226479530334], "sensitivity": [0.5731422901153564, 0.6465901136398315, 0.6713217496871948, 0.6836155652999878, 0.6895323991775513, 0.6993858814239502, 0.7026857137680054, 0.7043766975402832, 0.7031726837158203, 0.7074041366577148, 0.7100064158439636, 0.7150372862815857, 0.7126545310020447, 0.715082585811615, 0.7114338874816895, 0.7146387100219727, 0.7174989581108093, 0.7111666798591614, 0.7148701548576355, 0.7200320363044739, 0.718967616558075, 0.7136940360069275, 0.7190404534339905, 0.7181057333946228, 0.7120232582092285, 0.7202909588813782, 0.7194771766662598, 0.7181185483932495, 0.7208121418952942, 0.7203562259674072], "specificity": [0.9528842568397522, 0.972754955291748, 0.9751504063606262, 0.9762603044509888, 0.977574348449707, 0.9784660935401917, 0.9779813885688782, 0.9795904755592346, 0.9791551232337952, 0.9793871641159058, 0.9797993302345276, 0.9803531169891357, 0.9810827970504761, 0.9809024930000305, 0.9806302189826965, 0.9799561500549316, 0.9814735651016235, 0.9816325306892395, 0.9813699722290039, 0.9818901419639587, 0.9824885129928589, 0.9822651743888855, 0.9824979901313782, 0.9832689166069031, 0.9824480414390564, 0.982890784740448, 0.9829227924346924, 0.9836131930351257, 0.9843974709510803, 0.9839417338371277], "accuracy": [0.9276806712150574, 0.9509367346763611, 0.9552606344223022, 0.956862211227417, 0.9591537117958069, 0.9605091214179993, 0.9598515033721924, 0.9620965719223022, 0.9612744450569153, 0.9616520404815674, 0.9624655246734619, 0.9633480906486511, 0.9642035961151123, 0.9637660384178162, 0.9636721611022949, 0.9625692963600159, 0.964489758014679, 0.964747965335846, 0.9642394185066223, 0.9647403955459595, 0.9656547904014587, 0.9649035334587097, 0.9653885364532471, 0.9664773941040039, 0.9649264812469482, 0.9658900499343872, 0.9656786918640137, 0.9662700295448303, 0.9675236940383911, 0.9666876196861267], "val_loss": [0.7817867994308472, 0.3256891071796417, 0.2740477919578552, 0.2676052451133728, 0.26674968004226685, 0.2590048909187317, 0.2672271132469177, 0.27282020449638367, 0.24625085294246674, 0.2473858892917633, 0.24546174705028534, 0.24550485610961914, 0.24692624807357788, 0.24763858318328857, 0.24207648634910583, 0.2345639020204544, 0.22969529032707214, 0.23530453443527222, 0.24419541656970978, 0.2301948517560959, 0.23636950552463531, 0.2435511201620102, 0.22668686509132385, 0.24862344563007355, 0.22642284631729126, 0.21957172453403473, 0.2248227596282959, 0.22225509583950043, 0.20722728967666626, 0.21185865998268127], "val_sensitivity": [0.02761935442686081, 0.5722383260726929, 0.6846617460250854, 0.7075095176696777, 0.6885124444961548, 0.6885161399841309, 0.6515056490898132, 0.607796847820282, 0.6906823515892029, 0.6644095778465271, 0.7406266927719116, 0.7087125778198242, 0.6998624205589294, 0.7180979251861572, 0.7250186800956726, 0.6809087991714478, 0.7090693712234497, 0.7433852553367615, 0.6644433736801147, 0.7376082539558411, 0.7278866767883301, 0.789930522441864, 0.6848329901695251, 0.7875010371208191, 0.7245528101921082, 0.7394611239433289, 0.6934004426002502, 0.702120840549469, 0.7055131793022156, 0.7235144972801208], "val_specificity": [0.9987213611602783, 0.9820528626441956, 0.9754502177238464, 0.9745015501976013, 0.9784384965896606, 0.9795656204223633, 0.9827780723571777, 0.9870200157165527, 0.9815798401832581, 0.9840550422668457, 0.9753804206848145, 0.9795247316360474, 0.9810951948165894, 0.9774225354194641, 0.9787030220031738, 0.9833439588546753, 0.9818395972251892, 0.9771630167961121, 0.9849681258201599, 0.9783873558044434, 0.9782933592796326, 0.9671632051467896, 0.9853457808494568, 0.9694858193397522, 0.9806859493255615, 0.9805803894996643, 0.984121561050415, 0.9839825630187988, 0.9860413670539856, 0.9830085635185242], "val_accuracy": [0.9338352084159851, 0.9549574851989746, 0.9554060101509094, 0.9568352699279785, 0.9599497318267822, 0.9606348276138306, 0.9613582491874695, 0.9628660678863525, 0.9624412059783936, 0.9626250863075256, 0.9602738618850708, 0.9621461629867554, 0.9630946516990662, 0.9607328772544861, 0.9626288414001465, 0.9628865718841553, 0.964298665523529, 0.9620574116706848, 0.9642623066902161, 0.9631051421165466, 0.9619191288948059, 0.9557999968528748, 0.9661795496940613, 0.9585512280464172, 0.9644752144813538, 0.9659987092018127, 0.9655635356903076, 0.9658525586128235, 0.9680999517440796, 0.9664847254753113]}