{"loss": [0.4141150414943695, 0.2980118989944458, 0.2749576270580292, 0.2665497660636902, 0.2548863887786865, 0.25455203652381897, 0.2432580143213272, 0.2412116825580597, 0.23858995735645294, 0.2330252230167389, 0.23066039383411407, 0.2279607206583023, 0.22507567703723907, 0.2234029769897461, 0.2206440418958664, 0.22244086861610413, 0.22088514268398285, 0.21707043051719666, 0.2140643447637558, 0.21190719306468964, 0.2099035531282425, 0.20775067806243896, 0.20635713636875153, 0.20494471490383148, 0.20346415042877197, 0.20211784541606903, 0.1999783217906952, 0.19912990927696228, 0.19851574301719666, 0.19628094136714935, 0.19463671743869781, 0.1952698677778244, 0.1930193305015564, 0.19181093573570251, 0.1907169371843338, 0.18944211304187775, 0.18886931240558624, 0.18820400536060333, 0.18648578226566315, 0.18548665940761566, 0.18583375215530396, 0.18420222401618958, 0.1840839833021164, 0.18190760910511017, 0.18150925636291504, 0.18091726303100586, 0.18014852702617645, 0.179376482963562, 0.1792808622121811, 0.18050891160964966], "sensitivity": [0.5672441124916077, 0.6582802534103394, 0.6850401163101196, 0.6968956589698792, 0.7099981307983398, 0.7133726477622986, 0.7241231799125671, 0.7262924909591675, 0.7298108339309692, 0.7348169684410095, 0.736821711063385, 0.7395956516265869, 0.7427182197570801, 0.7440544366836548, 0.7456912994384766, 0.7460130453109741, 0.7451705932617188, 0.749749481678009, 0.7511056661605835, 0.753288984298706, 0.7540355324745178, 0.7559629082679749, 0.7561355233192444, 0.7576317191123962, 0.7585922479629517, 0.759306788444519, 0.7607817649841309, 0.7617549300193787, 0.7619104385375977, 0.7626481652259827, 0.7642015218734741, 0.7633576989173889, 0.7648876309394836, 0.7656919956207275, 0.7664355635643005, 0.7672286033630371, 0.7673609852790833, 0.7678782939910889, 0.7685377597808838, 0.7703720927238464, 0.7692567706108093, 0.770018994808197, 0.7705142498016357, 0.7718292474746704, 0.7721495032310486, 0.7727541923522949, 0.7737064957618713, 0.7730864882469177, 0.7746259570121765, 0.7722814679145813], "specificity": [0.9604845643043518, 0.9753621816635132, 0.9767227172851562, 0.9772642254829407, 0.9778674244880676, 0.9779452681541443, 0.9787306785583496, 0.9789650440216064, 0.9792552590370178, 0.9796880483627319, 0.9799851179122925, 0.9801831841468811, 0.9804939031600952, 0.9806637167930603, 0.9811723232269287, 0.9806183576583862, 0.9813312888145447, 0.9813134670257568, 0.9819527864456177, 0.9820583462715149, 0.9824529886245728, 0.9826505780220032, 0.9829832315444946, 0.9830471873283386, 0.9832396507263184, 0.9835527539253235, 0.9837568998336792, 0.9838258624076843, 0.9838639497756958, 0.9843575954437256, 0.9845162630081177, 0.9843298196792603, 0.9847840070724487, 0.984933078289032, 0.9849660992622375, 0.9852352738380432, 0.9853631258010864, 0.9853869080543518, 0.9857293367385864, 0.9856622815132141, 0.9857409596443176, 0.9859758615493774, 0.9859781861305237, 0.9862841963768005, 0.9863084554672241, 0.9864068031311035, 0.9864040017127991, 0.9866980314254761, 0.9864550232887268, 0.9864587783813477], "accuracy": [0.9333438277244568, 0.953561544418335, 0.9566850662231445, 0.9579594731330872, 0.9595273733139038, 0.9597139358520508, 0.9612412452697754, 0.9616631269454956, 0.9621078968048096, 0.9628550410270691, 0.9632476568222046, 0.9636715054512024, 0.9641302824020386, 0.9644052386283875, 0.9649542570114136, 0.9645616412162781, 0.9650694131851196, 0.965431809425354, 0.9660627245903015, 0.9663331508636475, 0.9667468667030334, 0.967082142829895, 0.9673810601234436, 0.9675787687301636, 0.9678245782852173, 0.9681243896484375, 0.9684371948242188, 0.9685676097869873, 0.9686380624771118, 0.9691423773765564, 0.9693853259086609, 0.9691962003707886, 0.9696685075759888, 0.9698663949966431, 0.9700020551681519, 0.9702690839767456, 0.9703854918479919, 0.9704633951187134, 0.9708251953125, 0.970912516117096, 0.9708650708198547, 0.9711577892303467, 0.9711841940879822, 0.9715601205825806, 0.9716261029243469, 0.9717243313789368, 0.9718158841133118, 0.972037672996521, 0.9719486832618713, 0.9717620611190796], "val_loss": [0.7770339250564575, 0.6031913161277771, 0.3150302767753601, 0.2621847987174988, 0.23865729570388794, 0.23198090493679047, 0.22972503304481506, 0.24648363888263702, 0.22031694650650024, 0.22041137516498566, 0.21860715746879578, 0.21396386623382568, 0.21248723566532135, 0.2135045826435089, 0.20881064236164093, 0.20843173563480377, 0.21097402274608612, 0.21071554720401764, 0.20360535383224487, 0.20523037016391754, 0.20175482332706451, 0.20058958232402802, 0.20040595531463623, 0.19977064430713654, 0.20007282495498657, 0.19762054085731506, 0.19884388148784637, 0.1967458724975586, 0.19580674171447754, 0.19368650019168854, 0.19576650857925415, 0.19293053448200226, 0.1923709660768509, 0.19238662719726562, 0.19035618007183075, 0.1923871785402298, 0.19248583912849426, 0.19288411736488342, 0.18912449479103088, 0.19815805554389954, 0.19185727834701538, 0.18917948007583618, 0.18751737475395203, 0.18710212409496307, 0.18989741802215576, 0.18686942756175995, 0.18610446155071259, 0.18565694987773895, 0.2143303006887436, 0.18648198246955872], "val_sensitivity": [0.01817965880036354, 0.2945007085800171, 0.6059179902076721, 0.6339836120605469, 0.7467710971832275, 0.7165113687515259, 0.7040596008300781, 0.6644834280014038, 0.7511857151985168, 0.7148663401603699, 0.7493921518325806, 0.7690117359161377, 0.7320312857627869, 0.787757396697998, 0.7394212484359741, 0.7387056350708008, 0.7129462957382202, 0.7090319395065308, 0.7745586633682251, 0.7482139468193054, 0.7655648589134216, 0.7476294040679932, 0.7559109330177307, 0.7835397720336914, 0.7858802676200867, 0.7471846342086792, 0.7921823263168335, 0.7411943078041077, 0.7457594275474548, 0.7804173231124878, 0.7517829537391663, 0.7536299228668213, 0.7791443467140198, 0.7492693066596985, 0.7755061388015747, 0.7981594204902649, 0.738109290599823, 0.798593282699585, 0.7869688868522644, 0.8125396966934204, 0.7616569995880127, 0.7566202282905579, 0.7561737298965454, 0.780312716960907, 0.7792999744415283, 0.7856122255325317, 0.7568532824516296, 0.777920663356781, 0.6567156314849854, 0.7532322406768799], "val_specificity": [0.9997245073318481, 0.992431104183197, 0.9811580181121826, 0.985772430896759, 0.9758734703063965, 0.9815672039985657, 0.9836578369140625, 0.9856532216072083, 0.9797946810722351, 0.9843698740005493, 0.9804977178573608, 0.9789933562278748, 0.9839621782302856, 0.9767099618911743, 0.9838852286338806, 0.9840320944786072, 0.9865921139717102, 0.9871194958686829, 0.9806605577468872, 0.9835150837898254, 0.9822015166282654, 0.9846278429031372, 0.9836291670799255, 0.9804143309593201, 0.9799817204475403, 0.9852843284606934, 0.9795007705688477, 0.9861719012260437, 0.9858172535896301, 0.9821269512176514, 0.9850878715515137, 0.9854734539985657, 0.9825295209884644, 0.9860938787460327, 0.983457624912262, 0.9802379012107849, 0.9873747229576111, 0.9800372123718262, 0.9823294281959534, 0.9770695567131042, 0.9847754836082458, 0.9858532547950745, 0.9863154888153076, 0.983565092086792, 0.9830127358436584, 0.9829503297805786, 0.9864716529846191, 0.984118640422821, 0.9921928644180298, 0.9867681264877319],