{"loss": [0.6003849506378174, 0.4203616976737976, 0.3781599998474121, 0.3532545864582062, 0.33389365673065186, 0.3197243809700012, 0.30995169281959534, 0.3020755648612976, 0.2963460683822632, 0.2908230721950531, 0.28743061423301697, 0.2833722233772278, 0.2797876298427582, 0.27679920196533203, 0.27321574091911316, 0.2719299793243408, 0.268615186214447, 0.2665759027004242, 0.2655782401561737, 0.26280951499938965, 0.26084643602371216, 0.2594083845615387, 0.2581412196159363, 0.25627371668815613, 0.25437918305397034, 0.2535889744758606, 0.25326722860336304, 0.25138354301452637, 0.25036635994911194, 0.2494209110736847], "sensitivity": [0.27088773250579834, 0.5253410935401917, 0.5703356862068176, 0.5988454818725586, 0.6189122796058655, 0.6345035433769226, 0.6451968550682068, 0.6533159613609314, 0.6597593426704407, 0.665989875793457, 0.6719523072242737, 0.6756659150123596, 0.6808368563652039, 0.6848003268241882, 0.6893482804298401, 0.6906625628471375, 0.6943855285644531, 0.6977415084838867, 0.6997515559196472, 0.7027888894081116, 0.7042986750602722, 0.7066884636878967, 0.7091832756996155, 0.7103158235549927, 0.7137544751167297, 0.7142749428749084, 0.716233491897583, 0.717359185218811, 0.7193222045898438, 0.7200123071670532], "specificity": [0.9623715281486511, 0.9693017601966858, 0.9719480276107788, 0.9732233285903931, 0.974656879901886, 0.9754522442817688, 0.9762089252471924, 0.9768273234367371, 0.9773187041282654, 0.9776021242141724, 0.9774788618087769, 0.9778675436973572, 0.9779676795005798, 0.9780798554420471, 0.9781600832939148, 0.9784131050109863, 0.978654682636261, 0.9785080552101135, 0.9785653352737427, 0.9787660241127014, 0.9791101217269897, 0.9788855314254761, 0.9789734482765198, 0.9792513847351074, 0.9792125821113586, 0.9793633222579956, 0.9790819883346558, 0.9794827699661255, 0.9794057607650757, 0.9795263409614563], "accuracy": [0.9144702553749084, 0.9396231174468994, 0.9453266263008118, 0.9484887719154358, 0.9512913823127747, 0.9530858397483826, 0.9545609354972839, 0.9556629657745361, 0.9565368890762329, 0.9572647213935852, 0.9575315713882446, 0.9582230448722839, 0.9586166143417358, 0.9590266346931458, 0.9594125151634216, 0.9596845507621765, 0.9602212309837341, 0.9602990746498108, 0.9604889750480652, 0.9609273672103882, 0.9613120555877686, 0.961292564868927, 0.9615297913551331, 0.9618556499481201, 0.9620718955993652, 0.962199866771698, 0.9621085524559021, 0.9625253081321716, 0.9626286029815674, 0.962750256061554], "val_loss": [0.46836143732070923, 0.4083707332611084, 0.3548962473869324, 0.31360095739364624, 0.28897085785865784, 0.2781311571598053, 0.2693043053150177, 0.28068387508392334, 0.26344165205955505, 0.2602449059486389, 0.2550126910209656, 0.2524605989456177, 0.2511785924434662, 0.2541158199310303, 0.246579110622406, 0.24489596486091614, 0.24218229949474335, 0.244281604886055, 0.23942936956882477, 0.2394709587097168, 0.24313029646873474, 0.23739692568778992, 0.23493561148643494, 0.24229229986667633, 0.23707672953605652, 0.23443539440631866, 0.231578528881073, 0.22941817343235016, 0.2309969961643219, 0.24129247665405273], "val_sensitivity": [0.3784216046333313, 0.4472804367542267, 0.5284932255744934, 0.6019684672355652, 0.6680331230163574, 0.676750898361206, 0.7011892795562744, 0.6259936690330505, 0.735319972038269, 0.7320203185081482, 0.700127124786377, 0.7020249962806702, 0.7444036602973938, 0.7726431488990784, 0.7476364970207214, 0.7101011276245117, 0.757632851600647, 0.7743990421295166, 0.7519760727882385, 0.7093310952186584, 0.7845531702041626, 0.7692211866378784, 0.766537070274353, 0.796950101852417, 0.7868144512176514, 0.7761046886444092, 0.7551090121269226, 0.7497965693473816, 0.7827879786491394, 0.8118195533752441], "val_specificity": [0.9874515533447266, 0.9879950881004333, 0.9851296544075012, 0.9814362525939941, 0.9767407178878784, 0.9781630039215088, 0.9765423536300659, 0.9847635626792908, 0.9737086892127991, 0.9748854637145996, 0.9797486066818237, 0.9802740812301636, 0.975156843662262, 0.9710185527801514, 0.9759963750839233, 0.9809873700141907, 0.9755347967147827, 0.9729941487312317, 0.9770204424858093, 0.982061505317688, 0.9721560478210449, 0.9753850102424622, 0.9762799143791199, 0.9708458781242371, 0.9733831882476807, 0.9752997756004333, 0.9785507917404175, 0.9796749949455261, 0.9751335382461548, 0.9690809845924377], "val_accuracy": [0.9452287554740906, 0.9507113695144653, 0.9540461897850037, 0.9558563232421875, 0.9562025666236877, 0.9580217003822327, 0.958260178565979, 0.9606116414070129, 0.9579866528511047, 0.95883709192276, 0.9610841870307922, 0.9617781043052673, 0.9600012898445129, 0.9580972194671631, 0.9609631896018982, 0.962956964969635, 0.9612149000167847, 0.9600757956504822, 0.9622333645820618, 0.9637888669967651, 0.9598686099052429, 0.9618437886238098, 0.9625113010406494, 0.9595769643783569, 0.9612005352973938, 0.9622156620025635, 0.9637126326560974, 0.9645231366157532, 0.9626260995864868, 0.9589949250221252]}