{"loss": [0.6469051241874695, 0.4452058672904968, 0.3886312246322632, 0.3634187579154968, 0.34657323360443115, 0.33462074398994446, 0.3238816559314728, 0.31400540471076965, 0.30564945936203003, 0.2988376319408417, 0.29337549209594727, 0.2874477803707123, 0.28254908323287964, 0.2781844139099121, 0.27453938126564026, 0.27126345038414, 0.26868611574172974, 0.26548337936401367, 0.2634223997592926, 0.2617771625518799, 0.2596845030784607, 0.25783005356788635, 0.2555014193058014, 0.2542913854122162, 0.2526693046092987, 0.25099727511405945, 0.24964463710784912, 0.24846859276294708, 0.24702338874340057, 0.24542133510112762], "sensitivity": [0.13537664711475372, 0.5242298245429993, 0.5656852126121521, 0.5866774320602417, 0.6017760634422302, 0.6120971441268921, 0.6221796870231628, 0.6323220133781433, 0.6424641609191895, 0.6487608551979065, 0.6540903449058533, 0.6618767976760864, 0.6665534973144531, 0.6726662516593933, 0.6763401627540588, 0.6817285418510437, 0.684152364730835, 0.6877873539924622, 0.6910679340362549, 0.6933547854423523, 0.6956188082695007, 0.6988224387168884, 0.7012761235237122, 0.7032504081726074, 0.7050637006759644, 0.707628071308136, 0.7097058892250061, 0.7116223573684692, 0.7135070562362671, 0.7154186367988586], "specificity": [0.9839605093002319, 0.9625864624977112, 0.9688435196876526, 0.9714445471763611, 0.9728846549987793, 0.9741010069847107, 0.9751192927360535, 0.9758210778236389, 0.9761176109313965, 0.9768044352531433, 0.9772658348083496, 0.97759610414505, 0.9779790639877319, 0.978096604347229, 0.9784376621246338, 0.9783957004547119, 0.9786636829376221, 0.9789272546768188, 0.9789415001869202, 0.9790610074996948, 0.9792561531066895, 0.9792308211326599, 0.9793782830238342, 0.9794594049453735, 0.979577362537384, 0.9795564413070679, 0.9795678853988647, 0.9796744585037231, 0.9798475503921509, 0.9798644781112671], "accuracy": [0.9241691827774048, 0.9321352243423462, 0.9409626126289368, 0.9448786377906799, 0.9472740888595581, 0.9491323232650757, 0.9507657289505005, 0.952123761177063, 0.9531265497207642, 0.9542118906974792, 0.9550265073776245, 0.9558956027030945, 0.9565424919128418, 0.957091748714447, 0.9576869010925293, 0.9580295085906982, 0.9584345817565918, 0.9589216709136963, 0.9591649770736694, 0.9594294428825378, 0.959785521030426, 0.9599834680557251, 0.960324764251709, 0.96050626039505, 0.9607356190681458, 0.960951030254364, 0.9610825777053833, 0.9613161683082581, 0.9615894556045532, 0.9617435932159424], "val_loss": [0.5856449604034424, 0.4575103223323822, 0.39592820405960083, 0.33270829916000366, 0.32646191120147705, 0.29327985644340515, 0.2813623547554016, 0.2816818654537201, 0.26577743887901306, 0.26294994354248047, 0.25742220878601074, 0.25252750515937805, 0.2512098550796509, 0.24879470467567444, 0.24708060920238495, 0.24153409898281097, 0.23983536660671234, 0.2340279370546341, 0.2367171198129654, 0.23202989995479584, 0.23493334650993347, 0.22972215712070465, 0.2338804304599762, 0.22639834880828857, 0.23478922247886658, 0.2245824784040451, 0.22363589704036713, 0.23080268502235413, 0.23680827021598816, 0.22047142684459686], "val_sensitivity": [0.26450854539871216, 0.3896937966346741, 0.4693969488143921, 0.5869218111038208, 0.5761085748672485, 0.6461158394813538, 0.668742299079895, 0.7475074529647827, 0.702177107334137, 0.694527804851532, 0.7342042326927185, 0.7292708158493042, 0.7528801560401917, 0.7626704573631287, 0.760216236114502, 0.7575181126594543, 0.7537329792976379, 0.7267612814903259, 0.7754674553871155, 0.7593319416046143, 0.7802141308784485, 0.758941650390625, 0.7926612496376038, 0.76790452003479, 0.8074362874031067, 0.7745899558067322, 0.7314040660858154, 0.8073298931121826, 0.8202025294303894, 0.7718364000320435], "val_specificity": [0.9929021000862122, 0.9895211458206177, 0.9871208071708679, 0.9798524379730225, 0.9832261800765991, 0.9785816073417664, 0.9778534173965454, 0.9660506844520569, 0.9766789078712463, 0.9783834218978882, 0.9741671681404114, 0.9758827686309814, 0.9732289910316467, 0.9726523756980896, 0.9732939600944519, 0.974896252155304, 0.9759560227394104, 0.9802111983299255, 0.9740170836448669, 0.9771124124526978, 0.9739904403686523, 0.9776437878608704, 0.9728082418441772, 0.9773387312889099, 0.9707499742507935, 0.976947546005249, 0.9823852777481079, 0.9717201590538025, 0.9687017798423767, 0.9782310724258423], "val_accuracy": [0.9422729015350342, 0.9480459690093994, 0.9514179229736328, 0.9528718590736389, 0.9552700519561768, 0.9557956457138062, 0.9566962718963623, 0.9512181282043457, 0.9579589366912842, 0.9589961767196655, 0.9578363299369812, 0.9590882062911987, 0.9582798480987549, 0.9584378600120544, 0.9588316679000854, 0.9601281881332397, 0.9608705639839172, 0.9629104733467102, 0.960577130317688, 0.9623498916625977, 0.9608932733535767, 0.9627914428710938, 0.9606532454490662, 0.9631261229515076, 0.9597609043121338, 0.9632213115692139, 0.9652855396270752, 0.9606345891952515, 0.958709180355072, 0.9642400145530701]}