{"loss": [0.599289059638977, 0.4285331070423126, 0.3791833817958832, 0.349439412355423, 0.3300137519836426, 0.31754910945892334, 0.3073272407054901, 0.2990974187850952, 0.29272815585136414, 0.28672370314598083, 0.2818911075592041, 0.27672648429870605, 0.2721676528453827, 0.2703540027141571, 0.26779040694236755, 0.2647378444671631, 0.2630750238895416, 0.2597084045410156, 0.25839850306510925, 0.2570899426937103, 0.25537145137786865, 0.2542068660259247, 0.25194546580314636, 0.2515372633934021, 0.249599426984787, 0.2485843449831009, 0.2471306473016739, 0.24609652161598206, 0.2458949089050293, 0.24509842693805695, 0.24363437294960022, 0.2424437403678894, 0.24202567338943481, 0.24195007979869843, 0.24032428860664368, 0.2404516488313675, 0.2395906001329422, 0.2395322471857071, 0.23837494850158691, 0.23782218992710114, 0.23694585263729095, 0.23613092303276062, 0.23596589267253876, 0.2353140264749527, 0.23498335480690002, 0.23485176265239716, 0.23434793949127197, 0.23337334394454956, 0.233258455991745, 0.23227888345718384], "sensitivity": [0.25346267223358154, 0.5255451202392578, 0.5779603719711304, 0.6057035326957703, 0.6241921782493591, 0.6387916803359985, 0.6493361592292786, 0.660051167011261, 0.6682595014572144, 0.67562335729599, 0.6824960708618164, 0.6885583996772766, 0.6941748261451721, 0.6983832120895386, 0.7008838057518005, 0.704871654510498, 0.7067113518714905, 0.7103527784347534, 0.7116985321044922, 0.7132606506347656, 0.7153266668319702, 0.7177780866622925, 0.7203590869903564, 0.7202577590942383, 0.7227421998977661, 0.7242504358291626, 0.7258939743041992, 0.7269829511642456, 0.7275435328483582, 0.7291058301925659, 0.7297877073287964, 0.7314755320549011, 0.7324267625808716, 0.7322174906730652, 0.7353097796440125, 0.7350061535835266, 0.735752284526825, 0.7359418272972107, 0.7377639412879944, 0.7381518483161926, 0.7389101982116699, 0.73930424451828, 0.740277111530304, 0.7417711019515991, 0.7416965365409851, 0.741446316242218, 0.7426831126213074, 0.7438704967498779, 0.7441469430923462, 0.7451334595680237], "specificity": [0.9721129536628723, 0.9668475389480591, 0.970636785030365, 0.9733819961547852, 0.9753117561340332, 0.9759234189987183, 0.9766714572906494, 0.9769916534423828, 0.9772186279296875, 0.9776013493537903, 0.9777097105979919, 0.9780162572860718, 0.9780707359313965, 0.9779523015022278, 0.9782060384750366, 0.9782926440238953, 0.978447675704956, 0.9786328077316284, 0.978728711605072, 0.9788596630096436, 0.9789516925811768, 0.9788907766342163, 0.9790357947349548, 0.9792174100875854, 0.9792686104774475, 0.9793077111244202, 0.979303777217865, 0.9793890118598938, 0.9794371724128723, 0.9793474078178406, 0.9795716404914856, 0.979634165763855, 0.9796602725982666, 0.9796649813652039, 0.9795868992805481, 0.9795973300933838, 0.9797183275222778, 0.9796984791755676, 0.9796842336654663, 0.979785144329071, 0.9798564910888672, 0.9799631834030151, 0.9799304008483887, 0.9798271059989929, 0.9798853993415833, 0.9800071716308594, 0.9800108671188354, 0.9799960851669312, 0.9800000190734863, 0.9800459146499634], "accuracy": [0.9226350784301758, 0.9372941851615906, 0.9446570873260498, 0.9490842223167419, 0.9520969986915588, 0.9537255167961121, 0.955141544342041, 0.9562242031097412, 0.95698481798172, 0.9578807950019836, 0.9584495425224304, 0.9591785669326782, 0.959561288356781, 0.9598022699356079, 0.960200309753418, 0.9605165719985962, 0.9608349800109863, 0.9612661600112915, 0.961410641670227, 0.9616817831993103, 0.9618828892707825, 0.9620330929756165, 0.9622986912727356, 0.962460994720459, 0.9626913666725159, 0.962847113609314, 0.9629436135292053, 0.9631046056747437, 0.9631870985031128, 0.9632306098937988, 0.9634584784507751, 0.9636493921279907, 0.9637395739555359, 0.9637249112129211, 0.9638401865959167, 0.9638350605964661, 0.9640018939971924, 0.9639990925788879, 0.964111328125, 0.9642468690872192, 0.9643591046333313, 0.9645013809204102, 0.9644951820373535, 0.9645004868507385, 0.9645580053329468, 0.9646629095077515, 0.9647563695907593, 0.9648271203041077, 0.9648587703704834, 0.9649164080619812], "val_loss": [0.49990925192832947, 0.35979294776916504, 0.3232123553752899, 0.29728856682777405, 0.28410398960113525, 0.2748327851295471, 0.2670110762119293, 0.2639237940311432, 0.25321778655052185, 0.2547147274017334, 0.24754826724529266, 0.24830251932144165, 0.24404437839984894, 0.2440858632326126, 0.2391853630542755, 0.23732903599739075, 0.2463584989309311, 0.23777304589748383, 0.23549628257751465, 0.23265360295772552, 0.2301059514284134, 0.22883908450603485, 0.22756926715373993, 0.22772477567195892, 0.22651216387748718, 0.24069245159626007, 0.2245258092880249, 0.22792336344718933, 0.22452324628829956, 0.22536373138427734, 0.22349242866039276, 0.223301962018013, 0.21933797001838684, 0.224829763174057, 0.22336286306381226, 0.22740009427070618, 0.21790163218975067, 0.2187560796737671, 0.22232164442539215, 0.21660704910755157, 0.21857672929763794, 0.2154652625322342, 0.2151309847831726, 0.21403594315052032, 0.21672113239765167, 0.21552570164203644, 0.21694742143154144, 0.21362008154392242, 0.21248379349708557, 0.21509580314159393], "val_sensitivity": [0.3443153500556946, 0.5455579161643982, 0.6235668063163757, 0.7364569306373596, 0.7336342930793762, 0.6953570246696472, 0.742174506187439, 0.752428412437439, 0.7435012459754944, 0.7493161559104919, 0.7488216757774353, 0.7354853749275208, 0.7671701908111572, 0.7666114568710327, 0.7622695565223694, 0.7787641286849976, 0.8085442781448364, 0.8019391298294067, 0.7901978492736816, 0.7796033620834351, 0.765527606010437, 0.7641440629959106, 0.7886930108070374, 0.7776666879653931, 0.7820131182670593, 0.8090720176696777, 0.7763264775276184, 0.7857694029808044, 0.795962393283844, 0.8066486120223999, 0.7979078888893127, 0.7979596853256226, 0.767228364944458, 0.8125230669975281, 0.7996899485588074, 0.8171589970588684, 0.7866302132606506, 0.7919033169746399, 0.8042352795600891, 0.77193284034729, 0.7658053636550903, 0.7668759822845459, 0.774883508682251, 0.7798920273780823, 0.790246844291687, 0.7945468425750732, 0.8071073293685913, 0.7985967397689819, 0.7810202836990356, 0.7935509085655212], "val_specificity": [0.9896299242973328, 0.9818500280380249, 0.9775101542472839, 0.9650186896324158, 0.9692584276199341, 0.9771448969841003, 0.9720389246940613, 0.9718968272209167, 0.9751976728439331, 0.9745375514030457, 0.9759282469749451, 0.9779471755027771, 0.9744125604629517, 0.9747106432914734, 0.9762723445892334, 0.9745473861694336, 0.968526303768158, 0.9715446829795837, 0.9735704660415649, 0.9756379723548889, 0.9779098629951477, 0.9783608317375183, 0.9755915999412537, 0.9769402742385864, 0.9767234325408936, 0.9700403213500977, 0.9779200553894043, 0.9759941697120667, 0.9754515886306763, 0.9740802049636841, 0.9756102561950684, 0.9755217432975769, 0.9802538156509399, 0.9734021425247192, 0.9754720330238342, 0.9722695350646973, 0.9782710671424866, 0.9774701595306396, 0.9751179814338684, 0.9802083373069763, 0.9805029034614563, 0.9810494780540466, 0.9801453351974487, 0.979827880859375, 0.9779303669929504, 0.9777690768241882, 0.9758799076080322, 0.9776591062545776, 0.9800540804862976, 0.978094220161438],