{"loss": [0.3445216119289398, 0.23716650903224945, 0.21796351671218872, 0.20876075327396393, 0.20182602107524872, 0.19757376611232758, 0.1933470368385315, 0.1912982016801834, 0.1873628795146942, 0.18523748219013214, 0.18418510258197784, 0.18168215453624725, 0.18094727396965027, 0.17880719900131226, 0.17808926105499268, 0.17548835277557373, 0.17558632791042328, 0.1747061163187027, 0.17301909625530243, 0.1733408123254776, 0.17209412157535553, 0.17214106023311615, 0.17126893997192383, 0.169661283493042, 0.16969245672225952, 0.16958323121070862, 0.16885824501514435, 0.1677503138780594, 0.16781218349933624, 0.16731010377407074, 0.16710607707500458, 0.16675709187984467, 0.16669973731040955, 0.16544978320598602, 0.16561293601989746, 0.16450907289981842, 0.16455215215682983, 0.16434355080127716, 0.16453200578689575, 0.1631391942501068, 0.16324898600578308, 0.16268539428710938, 0.16424432396888733, 0.16265791654586792, 0.16252964735031128, 0.162216454744339, 0.16144101321697235, 0.16188307106494904, 0.160709947347641, 0.16169343888759613], "sensitivity": [0.7116639018058777, 0.7662940621376038, 0.7753754258155823, 0.7795013785362244, 0.7827681303024292, 0.7853295803070068, 0.7871960997581482, 0.7888249754905701, 0.7919279336929321, 0.792830765247345, 0.793528139591217, 0.7952335476875305, 0.795544445514679, 0.7969205379486084, 0.7974363565444946, 0.7987606525421143, 0.7984123229980469, 0.7994617819786072, 0.7997020483016968, 0.7995113134384155, 0.8008320927619934, 0.8006541132926941, 0.8015235662460327, 0.8020591735839844, 0.8025006055831909, 0.8024523854255676, 0.8023037910461426, 0.8032070994377136, 0.803416907787323, 0.8040652275085449, 0.8045125603675842, 0.8039950728416443, 0.8050644993782043, 0.8046454191207886, 0.8052075505256653, 0.8054930567741394, 0.8056737184524536, 0.8055850267410278, 0.8062712550163269, 0.8065750598907471, 0.8070504665374756, 0.8065913319587708, 0.8068227171897888, 0.8081722259521484, 0.8081135749816895, 0.8078662157058716, 0.8085132241249084, 0.8080371618270874, 0.8085072040557861, 0.8084924817085266], "specificity": [0.9680474400520325, 0.9802847504615784, 0.9821902513504028, 0.9830115437507629, 0.9834355115890503, 0.9836529493331909, 0.9839433431625366, 0.9839857220649719, 0.9841852188110352, 0.9842617511749268, 0.9843465089797974, 0.9845787882804871, 0.9845927953720093, 0.9847925305366516, 0.9847975969314575, 0.9850497841835022, 0.9851028919219971, 0.9850975871086121, 0.985328733921051, 0.985251784324646, 0.9853532314300537, 0.9853359460830688, 0.9854032397270203, 0.9855615496635437, 0.9855051636695862, 0.9855103492736816, 0.9856448769569397, 0.9857618808746338, 0.985687792301178, 0.985709547996521, 0.9856607913970947, 0.9858279824256897, 0.9857451319694519, 0.9859374761581421, 0.9858578443527222, 0.9859978556632996, 0.9859230518341064, 0.9860131144523621, 0.9859123826026917, 0.9861020445823669, 0.9860439896583557, 0.9861663579940796, 0.9860094785690308, 0.9860476851463318, 0.9860427379608154, 0.9860599040985107, 0.9861775636672974, 0.9861636757850647, 0.98631751537323, 0.9861361980438232], "accuracy": [0.9503511786460876, 0.9657684564590454, 0.9684004187583923, 0.9695077538490295, 0.9701952934265137, 0.9705803990364075, 0.9710475206375122, 0.9712419509887695, 0.971651554107666, 0.9718095660209656, 0.9719486832618713, 0.9723309278488159, 0.9723940491676331, 0.9726736545562744, 0.9727187752723694, 0.9731119871139526, 0.9731085896492004, 0.9732261300086975, 0.9734856486320496, 0.9733887910842896, 0.9735620617866516, 0.9735516309738159, 0.973732054233551, 0.9739124178886414, 0.9738869071006775, 0.9738832712173462, 0.9740180373191833, 0.9741764664649963, 0.974133312702179, 0.9742136597633362, 0.9742032885551453, 0.9743203520774841, 0.9742932319641113, 0.9745252728462219, 0.9744373559951782, 0.9746257662773132, 0.9745710492134094, 0.9746299386024475, 0.9745998978614807, 0.9747975468635559, 0.9747694134712219, 0.9748918414115906, 0.9747171998023987, 0.9748425483703613, 0.9748340845108032, 0.9748404026031494, 0.9750171899795532, 0.9749526381492615, 0.9751600623130798, 0.9749677777290344], "val_loss": [0.30062365531921387, 0.2227853536605835, 0.22667734324932098, 0.21928279101848602, 0.216058149933815, 0.22572574019432068, 0.2082452028989792, 0.2101181000471115, 0.21455518901348114, 0.2189193069934845, 0.23992125689983368, 0.26727399230003357, 0.22945526242256165, 0.23532021045684814, 0.2231072187423706, 0.22150255739688873, 0.23119159042835236, 0.21258091926574707, 0.21670834720134735, 0.21312731504440308, 0.2205987423658371, 0.2138749659061432, 0.22555989027023315, 0.22530227899551392, 0.22780242562294006, 0.20787112414836884, 0.2387794405221939, 0.22460924088954926, 0.2424156367778778, 0.21315686404705048, 0.22820556163787842, 0.2027967870235443, 0.24921758472919464, 0.2178056538105011, 0.22882471978664398, 0.22867858409881592, 0.2308361828327179, 0.21012289822101593, 0.2226562649011612, 0.21757106482982635, 0.2052912414073944, 0.21100254356861115, 0.2259570062160492, 0.21790118515491486, 0.21552304923534393, 0.22358031570911407, 0.24223661422729492, 0.23359598219394684, 0.20833720266819, 0.21868938207626343], "val_sensitivity": [0.8521451354026794, 0.8036503195762634, 0.7368229031562805, 0.7326911091804504, 0.7491430044174194, 0.7112129330635071, 0.783605694770813, 0.7594966292381287, 0.7388851642608643, 0.7233914732933044, 0.6636285781860352, 0.5971135497093201, 0.6889793276786804, 0.6695933938026428, 0.7060942053794861, 0.698135256767273, 0.6765967607498169, 0.728701114654541, 0.712693989276886, 0.7317082285881042, 0.7053725123405457, 0.7219499349594116, 0.67925626039505, 0.6790844202041626, 0.6720550656318665, 0.7402175068855286, 0.6482154726982117, 0.6815193891525269, 0.6380040049552917, 0.7211874723434448, 0.671570897102356, 0.7508384585380554, 0.615090012550354, 0.7006837129592896, 0.6798864006996155, 0.6708364486694336, 0.6700903177261353, 0.7366153001785278, 0.7065273523330688, 0.6983470320701599, 0.744473397731781, 0.7361243367195129, 0.6798189282417297, 0.6945433020591736, 0.7133428454399109, 0.693653404712677, 0.6317112445831299, 0.655292809009552, 0.7272109985351562, 0.6966260671615601], "val_specificity": [0.9529733061790466, 0.9751147031784058, 0.9816427230834961, 0.9841296076774597, 0.9828528165817261, 0.9863132834434509, 0.9807501435279846, 0.9832557439804077, 0.9849703311920166, 0.9857152104377747, 0.9884392619132996, 0.991118311882019, 0.987513542175293, 0.9882161617279053, 0.9869428277015686, 0.987617015838623, 0.988299548625946, 0.98573237657547, 0.9869496822357178, 0.9858522415161133, 0.9874606132507324, 0.98636394739151, 0.9883882999420166, 0.9886797666549683, 0.9888921976089478, 0.9855498671531677, 0.9893614053726196, 0.9884152412414551, 0.9899128079414368, 0.986603319644928, 0.9886459708213806, 0.9852655529975891, 0.9906696081161499, 0.9876697659492493, 0.9881964921951294, 0.9889150261878967, 0.989088237285614, 0.985646665096283, 0.9867352843284607, 0.9877331852912903, 0.9854376316070557, 0.9852104783058167, 0.988476574420929, 0.9882327914237976, 0.9870728254318237, 0.9880086183547974, 0.9904297590255737, 0.9896324872970581, 0.9865406155586243, 0.9877339005470276],