{"loss": [0.3940199613571167, 0.28569847345352173, 0.2644854485988617, 0.25015443563461304, 0.24223598837852478, 0.23770126700401306, 0.2326800674200058, 0.22946016490459442, 0.226868137717247, 0.22422024607658386, 0.2222343236207962, 0.21942561864852905, 0.21824242174625397, 0.21641097962856293, 0.2146756798028946, 0.21308155357837677, 0.2115359604358673, 0.21028585731983185, 0.20866772532463074, 0.2087836116552353, 0.20658506453037262, 0.2056296020746231, 0.20511193573474884, 0.2040451467037201, 0.20361770689487457, 0.20221680402755737, 0.20149923861026764, 0.20145750045776367, 0.20034976303577423, 0.199396550655365, 0.1992807239294052, 0.19877929985523224, 0.19809512794017792, 0.19866518676280975, 0.19710521399974823, 0.19649480283260345, 0.19595348834991455, 0.1955757439136505, 0.19480082392692566, 0.19440016150474548], "sensitivity": [0.6626524925231934, 0.7075986862182617, 0.720950186252594, 0.7305794954299927, 0.7364233136177063, 0.7394038438796997, 0.7430956959724426, 0.7468840479850769, 0.7475671768188477, 0.7501503825187683, 0.7514927983283997, 0.7536153793334961, 0.7540439963340759, 0.7565664052963257, 0.7567861676216125, 0.7582575082778931, 0.7583578824996948, 0.7592197060585022, 0.7604926824569702, 0.7609251737594604, 0.7619476318359375, 0.7626574635505676, 0.7629034519195557, 0.763447642326355, 0.7639078497886658, 0.7650685906410217, 0.7653765082359314, 0.765336275100708, 0.7664468288421631, 0.7672095894813538, 0.76754230260849, 0.7672123908996582, 0.7683313488960266, 0.7687901854515076, 0.7687063217163086, 0.7696467638015747, 0.7700209021568298, 0.7701840996742249, 0.7703306674957275, 0.7705183029174805], "specificity": [0.9586837291717529, 0.9765563607215881, 0.9787033200263977, 0.9798755049705505, 0.9805437326431274, 0.9808396100997925, 0.9812073707580566, 0.9812992811203003, 0.9815698862075806, 0.9816506505012512, 0.9818242788314819, 0.9820055961608887, 0.9821439385414124, 0.982067883014679, 0.982335090637207, 0.9824472069740295, 0.9826276302337646, 0.9827041625976562, 0.9828135967254639, 0.98274827003479, 0.983012318611145, 0.9830466508865356, 0.9830435514450073, 0.9831834435462952, 0.9831727743148804, 0.9832702279090881, 0.9833199381828308, 0.983331561088562, 0.9834455251693726, 0.9834457039833069, 0.983418345451355, 0.9835594296455383, 0.9835099577903748, 0.9834376573562622, 0.9836376905441284, 0.9836747050285339, 0.9837332367897034, 0.9837228655815125, 0.9838302135467529, 0.9838741421699524], "accuracy": [0.9386166930198669, 0.958476185798645, 0.9614976644515991, 0.9633131623268127, 0.9643487334251404, 0.964863657951355, 0.96552574634552, 0.9658474922180176, 0.966205894947052, 0.9664841890335083, 0.9667651653289795, 0.9671157002449036, 0.9672796726226807, 0.9674275517463684, 0.9676978588104248, 0.9679297208786011, 0.9681897163391113, 0.9683289527893066, 0.96852046251297, 0.9685450792312622, 0.9688520431518555, 0.9689332842826843, 0.968981921672821, 0.969186007976532, 0.9692031145095825, 0.9693781137466431, 0.9694579243659973, 0.9694721698760986, 0.969627320766449, 0.9697197079658508, 0.9697365164756775, 0.9698206186294556, 0.9698984026908875, 0.9698411822319031, 0.9700601100921631, 0.9701387286186218, 0.9702183604240417, 0.9702158570289612, 0.9703486561775208, 0.9704210162162781], "val_loss": [0.2886074483394623, 0.2650081217288971, 0.2534370422363281, 0.24050742387771606, 0.24158723652362823, 0.23644474148750305, 0.23127250373363495, 0.23091840744018555, 0.23002903163433075, 0.22812893986701965, 0.23243403434753418, 0.22768133878707886, 0.22696739435195923, 0.22385305166244507, 0.2235589176416397, 0.22987452149391174, 0.22418254613876343, 0.22413939237594604, 0.2201382964849472, 0.22377385199069977, 0.22645582258701324, 0.23152683675289154, 0.2217663824558258, 0.22706839442253113, 0.2242133766412735, 0.23160313069820404, 0.2252792865037918, 0.22739474475383759, 0.2249724566936493, 0.2241208553314209, 0.22476831078529358, 0.22444595396518707, 0.21566389501094818, 0.2359394133090973, 0.22273637354373932, 0.22787156701087952, 0.2201823592185974, 0.23335212469100952, 0.2273964285850525, 0.22723035514354706], "val_sensitivity": [0.6704738736152649, 0.7682936191558838, 0.7547763586044312, 0.7350274920463562, 0.7230009436607361, 0.7266637682914734, 0.7528247237205505, 0.7436649799346924, 0.7323520183563232, 0.7377634644508362, 0.729577898979187, 0.7573882341384888, 0.8032166361808777, 0.775955855846405, 0.758936882019043, 0.7119231224060059, 0.7388803958892822, 0.751997172832489, 0.7457913756370544, 0.7272279858589172, 0.7167091965675354, 0.7095292210578918, 0.7475799322128296, 0.7244305610656738, 0.7326681613922119, 0.7085283994674683, 0.734321653842926, 0.7237522602081299, 0.7311358451843262, 0.7269644141197205, 0.7351494431495667, 0.727504551410675, 0.7651748657226562, 0.6861143112182617, 0.7420468330383301, 0.707282304763794, 0.737259030342102, 0.6867325305938721, 0.709267795085907, 0.708574116230011], "val_specificity": [0.9769376516342163, 0.9691257476806641, 0.9739635586738586, 0.9795183539390564, 0.9804767370223999, 0.9808974266052246, 0.9788640141487122, 0.9802837371826172, 0.9818882942199707, 0.9814765453338623, 0.982342004776001, 0.9795584678649902, 0.9731353521347046, 0.9778028726577759, 0.9799271821975708, 0.9841227531433105, 0.9823030233383179, 0.9806578159332275, 0.9823561310768127, 0.9835220575332642, 0.9842851161956787, 0.9845237135887146, 0.981777012348175, 0.983371376991272, 0.9831043481826782, 0.9844404458999634, 0.9824391007423401, 0.9838753938674927, 0.9833164215087891, 0.9837005734443665, 0.9828589558601379, 0.9836889505386353, 0.9809754490852356, 0.9863288998603821, 0.9822773337364197, 0.9851937890052795, 0.9832080006599426, 0.9864913821220398, 0.9851378202438354, 0.9850069284439087], "val_accuracy": [0.9574837684631348, 0.9569360613822937, 0.9604446887969971, 0.9642095565795898, 0.9643735885620117, 0.9650319218635559, 0.9649257659912109, 0.9656023979187012, 0.9662564992904663, 0.9662780165672302, 0.9666081666946411, 0.9658684134483337, 0.9627829790115356, 0.9654294848442078, 0.9662898182868958, 0.9670283198356628, 0.9670640230178833, 0.9664432406425476, 0.9674832820892334, 0.9673773050308228, 0.9674206376075745, 0.9671328663825989, 0.9671605229377747, 0.9670825004577637, 0.9674870371818542, 0.9671197533607483, 0.9669640064239502, 0.9675561785697937, 0.9675255417823792, 0.9674743413925171, 0.967369556427002, 0.9675217866897583, 0.9674227833747864, 0.9672377109527588, 0.9673437476158142, 0.9675369262695312, 0.9677260518074036, 0.9672187566757202, 0.9676023125648499, 0.9674586653709412]}