{"loss": [0.37267351150512695, 0.27191412448883057, 0.24836406111717224, 0.2386641651391983, 0.2326001524925232, 0.22741642594337463, 0.22361662983894348, 0.22030416131019592, 0.21517181396484375, 0.2116858810186386, 0.20876091718673706, 0.20733420550823212, 0.20457731187343597, 0.2024623304605484, 0.20052598416805267, 0.19891002774238586, 0.19816835224628448, 0.19606325030326843, 0.19709840416908264, 0.19469493627548218, 0.19545191526412964, 0.19250068068504333, 0.1920151561498642, 0.19140589237213135, 0.19052399694919586, 0.1906031221151352, 0.18915283679962158, 0.18833917379379272, 0.18711279332637787, 0.1864754557609558, 0.1865566372871399, 0.18640004098415375, 0.18459725379943848, 0.18537449836730957, 0.18496157228946686, 0.18387629091739655, 0.1827951818704605, 0.1834278553724289, 0.18201330304145813, 0.18180273473262787], "sensitivity": [0.668865978717804, 0.7250560522079468, 0.7451837658882141, 0.7527961730957031, 0.75834721326828, 0.7629042863845825, 0.7649593949317932, 0.7648522853851318, 0.765947699546814, 0.7686594724655151, 0.7698696255683899, 0.7712929844856262, 0.772407054901123, 0.7747577428817749, 0.7750070691108704, 0.7769394516944885, 0.7769725322723389, 0.7785466909408569, 0.7778394222259521, 0.7787638306617737, 0.7791638970375061, 0.7808867692947388, 0.781205415725708, 0.7816855311393738, 0.7816096544265747, 0.7825872302055359, 0.7828163504600525, 0.7838318347930908, 0.7843316793441772, 0.7847331166267395, 0.7849012017250061, 0.7851366400718689, 0.7864619493484497, 0.7853248119354248, 0.7864596843719482, 0.7864668965339661, 0.7879757285118103, 0.786899745464325, 0.7882100939750671, 0.7883514761924744], "specificity": [0.9629420638084412, 0.9773885607719421, 0.9792433977127075, 0.9799607396125793, 0.980361819267273, 0.9808323383331299, 0.9812562465667725, 0.9818200469017029, 0.9824015498161316, 0.982545793056488, 0.9827145338058472, 0.9827566742897034, 0.982944905757904, 0.9829801917076111, 0.9832442402839661, 0.9832305312156677, 0.9832889437675476, 0.9834843873977661, 0.9833508133888245, 0.9835875034332275, 0.9834672808647156, 0.9837198257446289, 0.9837477207183838, 0.9837846755981445, 0.9839009046554565, 0.9838526844978333, 0.983928382396698, 0.9840788841247559, 0.9841063022613525, 0.9842538833618164, 0.9841367602348328, 0.9842509627342224, 0.9843077063560486, 0.9843242764472961, 0.9842860102653503, 0.9844555854797363, 0.9844145178794861, 0.9844331741333008, 0.9845578670501709, 0.9845479130744934], "accuracy": [0.942916214466095, 0.9604026675224304, 0.9635425806045532, 0.9647752046585083, 0.965550422668457, 0.9663488268852234, 0.9669514298439026, 0.9675840735435486, 0.9682737588882446, 0.9685748219490051, 0.9688790440559387, 0.9690049290657043, 0.9693038463592529, 0.9695127010345459, 0.9698079824447632, 0.969931423664093, 0.9700235724449158, 0.9703419804573059, 0.9701958894729614, 0.970482349395752, 0.9704005122184753, 0.9707393050193787, 0.9708134531974792, 0.9709115624427795, 0.971011757850647, 0.9710478782653809, 0.9711489081382751, 0.9713846445083618, 0.9714552760124207, 0.9716230630874634, 0.971502959728241, 0.9716572761535645, 0.9718039631843567, 0.9717425107955933, 0.9717838168144226, 0.9719406366348267, 0.9720162153244019, 0.971966028213501, 0.9721909761428833, 0.9721983671188354], "val_loss": [0.315584659576416, 0.27633294463157654, 0.2622658908367157, 0.2330750823020935, 0.22984595596790314, 0.22543205320835114, 0.22404451668262482, 0.22857961058616638, 0.23493918776512146, 0.2288907766342163, 0.22488947212696075, 0.22174490988254547, 0.2217981368303299, 0.21603845059871674, 0.21757389605045319, 0.22267742455005646, 0.21789586544036865, 0.22063693404197693, 0.22422438859939575, 0.22032205760478973, 0.21530218422412872, 0.21777310967445374, 0.2223656326532364, 0.22668443620204926, 0.22573816776275635, 0.22621653974056244, 0.22592562437057495, 0.22016696631908417, 0.22399964928627014, 0.22819197177886963, 0.22523896396160126, 0.2188929319381714, 0.2291826754808426, 0.22252394258975983, 0.22362157702445984, 0.2231808751821518, 0.22231733798980713, 0.2243773192167282, 0.22422753274440765, 0.23738911747932434], "val_sensitivity": [0.7624748945236206, 0.784640908241272, 0.7947063446044922, 0.7622715830802917, 0.7695795893669128, 0.767609179019928, 0.7826205492019653, 0.7760933637619019, 0.7605060935020447, 0.7464958429336548, 0.7574740648269653, 0.7835375070571899, 0.7446560859680176, 0.7826144695281982, 0.7706873416900635, 0.7215287089347839, 0.7331889271736145, 0.7411447763442993, 0.7283358573913574, 0.7413116097450256, 0.7650220990180969, 0.7408810257911682, 0.7239764928817749, 0.687283992767334, 0.7125476598739624, 0.7029011845588684, 0.7030994892120361, 0.724689781665802, 0.6985467672348022, 0.6908737421035767, 0.7117453813552856, 0.7373465299606323, 0.700568437576294, 0.7111714482307434, 0.6987460255622864, 0.7248138785362244, 0.7170587778091431, 0.7175116539001465, 0.7115991711616516, 0.6589159369468689], "val_specificity": [0.9616546630859375, 0.9663179516792297, 0.967775821685791, 0.9782058596611023, 0.978649914264679, 0.9794747233390808, 0.9779638051986694, 0.9781730771064758, 0.9792969822883606, 0.982515811920166, 0.9816297888755798, 0.9786689877510071, 0.9832713603973389, 0.979884922504425, 0.980670154094696, 0.9851983189582825, 0.985016942024231, 0.9838478565216064, 0.9840760827064514, 0.9836087822914124, 0.9820224046707153, 0.9839907288551331, 0.9851147532463074, 0.9879288673400879, 0.9857302904129028, 0.986705482006073, 0.9866257309913635, 0.9852826595306396, 0.9874473214149475, 0.9873649477958679, 0.9855631589889526, 0.9843171834945679, 0.9858914017677307, 0.9864630103111267, 0.9873798489570618, 0.985095739364624, 0.9857988357543945, 0.9852262735366821, 0.986086905002594, 0.9889087080955505], "val_accuracy": [0.949652910232544, 0.955486536026001, 0.9575204849243164, 0.9649555087089539, 0.9659332633018494, 0.9663564562797546, 0.966172993183136, 0.9658159613609314, 0.9659022092819214, 0.9677754044532776, 0.9675401449203491, 0.9667470455169678, 0.968441367149353, 0.9677761197090149, 0.9676880240440369, 0.9684640765190125, 0.9690663814544678, 0.9686857461929321, 0.967914879322052, 0.9684353470802307, 0.9684910178184509, 0.9686245322227478, 0.9685448408126831, 0.9684465527534485, 0.9683045148849487, 0.9684281945228577, 0.9684817790985107, 0.9686996340751648, 0.9688496589660645, 0.9682598114013672, 0.968092679977417, 0.9686739444732666, 0.967504620552063, 0.9688998460769653, 0.9687954187393188, 0.9685357213020325, 0.9686858654022217, 0.9681086540222168, 0.9685043692588806, 0.9674590229988098]}