{"loss": [0.6256656646728516, 0.5368910431861877, 0.5091605186462402, 0.47311559319496155, 0.4612503945827484, 0.4545353055000305, 0.44963884353637695, 0.4351429045200348, 0.44461917877197266, 0.4283285439014435, 0.4428088665008545, 0.4314989149570465, 0.43611833453178406, 0.42420172691345215, 0.4296300709247589, 0.4203914999961853, 0.4073285162448883, 0.408388614654541, 0.4149717092514038, 0.4023561477661133, 0.41118234395980835, 0.4100120961666107, 0.416347861289978, 0.4098377227783203, 0.40361276268959045, 0.41205477714538574, 0.39064595103263855, 0.3970136344432831, 0.39777299761772156, 0.38871192932128906], "sensitivity": [0.5083776116371155, 0.5186506509780884, 0.5266607403755188, 0.5578056573867798, 0.5689504146575928, 0.5628632307052612, 0.5675489902496338, 0.5778279304504395, 0.5738516449928284, 0.5836712718009949, 0.5651867985725403, 0.5791674852371216, 0.5739578604698181, 0.5830236077308655, 0.5775049328804016, 0.5945191979408264, 0.6007614135742188, 0.6011623740196228, 0.5876384973526001, 0.606600284576416, 0.5991522073745728, 0.5945029854774475, 0.5893750190734863, 0.5959188342094421, 0.6033836007118225, 0.5947057008743286, 0.6081444621086121, 0.6106724739074707, 0.6085346341133118, 0.6182863712310791], "specificity": [0.9150931239128113, 0.956021785736084, 0.961822509765625, 0.9648999571800232, 0.9673746824264526, 0.9680972099304199, 0.9692343473434448, 0.9697372317314148, 0.9696005582809448, 0.9706966876983643, 0.9719853401184082, 0.9714480042457581, 0.9715791940689087, 0.971819281578064, 0.9720324277877808, 0.973231852054596, 0.9738874435424805, 0.974056601524353, 0.9728740453720093, 0.9737895131111145, 0.9745457172393799, 0.9731377959251404, 0.9740625023841858, 0.9730673432350159, 0.9742766618728638, 0.9743452072143555, 0.974891185760498, 0.9739154577255249, 0.9732500910758972, 0.9739051461219788], "accuracy": [0.8874948620796204, 0.9288530349731445, 0.935472846031189, 0.9378772974014282, 0.942828357219696, 0.9443193674087524, 0.9462817907333374, 0.9460513591766357, 0.9476473927497864, 0.948286771774292, 0.9504607915878296, 0.9496073722839355, 0.9504933953285217, 0.9501504898071289, 0.9518015384674072, 0.9533241391181946, 0.9526436924934387, 0.954430341720581, 0.9524609446525574, 0.9541217088699341, 0.9555392265319824, 0.9524747133255005, 0.954761266708374, 0.9525431990623474, 0.954736590385437, 0.9555763602256775, 0.955780029296875, 0.9543681144714355, 0.9545122385025024, 0.9547750949859619], "val_loss": [0.6329275369644165, 0.4998525381088257, 0.5407096147537231, 0.5139183402061462, 0.4890586733818054, 0.4711182415485382, 0.4921860694885254, 0.4970773458480835, 0.4631926715373993, 0.45106032490730286, 0.5092039704322815, 0.42912158370018005, 0.45106905698776245, 0.45455414056777954, 0.42565590143203735, 0.4560844302177429, 0.4373321235179901, 0.46887341141700745, 0.45629167556762695, 0.4833209216594696, 0.5559932589530945, 0.4583197236061096, 0.4370943009853363, 0.4506160318851471, 0.45661336183547974, 0.4366318881511688, 0.5430626273155212, 0.44794291257858276, 0.45761021971702576, 0.45671558380126953], "val_sensitivity": [0.4497191309928894, 0.4433257579803467, 0.5060461759567261, 0.48418211936950684, 0.46286725997924805, 0.5485233664512634, 0.5311972498893738, 0.5266215801239014, 0.5137035846710205, 0.49946579337120056, 0.5083892941474915, 0.558025598526001, 0.5183677077293396, 0.5478443503379822, 0.6158056259155273, 0.4951546788215637, 0.5761715769767761, 0.5252826809883118, 0.518663227558136, 0.4568590223789215, 0.344497412443161, 0.5417262315750122, 0.5548874139785767, 0.5415270328521729, 0.5211929678916931, 0.5411763191223145, 0.49160218238830566, 0.49845778942108154, 0.5326987504959106, 0.4759863317012787], "val_specificity": [0.9460891485214233, 0.9787721633911133, 0.9572052359580994, 0.9670396447181702, 0.9761108756065369, 0.9657143950462341, 0.9685670137405396, 0.9597727060317993, 0.9726572036743164, 0.9775166511535645, 0.9558515548706055, 0.9708647131919861, 0.9748992919921875, 0.9712428450584412, 0.9618491530418396, 0.9800519347190857, 0.9692023992538452, 0.9726729989051819, 0.9733898639678955, 0.9805452227592468, 0.9883691072463989, 0.965132474899292, 0.97177654504776, 0.9731812477111816, 0.9736794829368591, 0.9750505685806274, 0.95695960521698, 0.9804536700248718, 0.970501720905304, 0.9805137515068054], "val_accuracy": [0.9198412895202637, 0.9453521966934204, 0.9319740533828735, 0.9423691034317017, 0.9487384557723999, 0.946647047996521, 0.9509775042533875, 0.9416462779045105, 0.9509656429290771, 0.9528403282165527, 0.9345489144325256, 0.949629008769989, 0.9511195421218872, 0.952568769454956, 0.9463051557540894, 0.9565268754959106, 0.9507158994674683, 0.9526286721229553, 0.9519062042236328, 0.9546754956245422, 0.9487048387527466, 0.9449377655982971, 0.9531519412994385, 0.9519893527030945, 0.9523177146911621, 0.956048846244812, 0.9375916719436646, 0.95619136095047, 0.9527338147163391, 0.9545760154724121]}