{"loss": [0.44644615054130554, 0.3295642137527466, 0.3004254996776581, 0.2875367999076843, 0.2786242365837097, 0.27401551604270935, 0.26897192001342773, 0.26395392417907715, 0.2620776891708374, 0.2573925852775574, 0.2593900263309479, 0.2546044588088989, 0.25178882479667664, 0.25146329402923584, 0.24930012226104736, 0.2485308051109314, 0.24747246503829956, 0.24462449550628662, 0.2433328777551651, 0.24001990258693695, 0.2383270412683487, 0.2353406697511673, 0.23674678802490234, 0.23580266535282135, 0.2331337332725525, 0.2331828474998474, 0.22953735291957855, 0.22854092717170715, 0.22718855738639832, 0.2290758639574051], "sensitivity": [0.5957990288734436, 0.6365331411361694, 0.6577884554862976, 0.6694150567054749, 0.6756358742713928, 0.6787057518959045, 0.6831701993942261, 0.6872218251228333, 0.6922755241394043, 0.6932871341705322, 0.6916877031326294, 0.6961352229118347, 0.6957064867019653, 0.6962042450904846, 0.6985970139503479, 0.6978594660758972, 0.6976726651191711, 0.6993498206138611, 0.6989165544509888, 0.7004355192184448, 0.7010042667388916, 0.7028826475143433, 0.7005017399787903, 0.7004762291908264, 0.7010334134101868, 0.7018343806266785, 0.7041642665863037, 0.7042191028594971, 0.7064992785453796, 0.7030067443847656], "specificity": [0.9547923803329468, 0.9732401371002197, 0.9754179120063782, 0.9762969017028809, 0.9771232008934021, 0.9776842594146729, 0.9777000546455383, 0.9778122305870056, 0.9778608679771423, 0.9784411787986755, 0.9786487817764282, 0.9785981774330139, 0.9792013764381409, 0.9791623950004578, 0.9791611433029175, 0.9792127013206482, 0.9796543121337891, 0.9799180626869202, 0.9798693060874939, 0.9802461862564087, 0.9807804822921753, 0.9807060360908508, 0.9808540344238281, 0.9809141755104065, 0.9812589287757874, 0.9811519980430603, 0.9812270998954773, 0.9814344048500061, 0.9812789559364319, 0.9816008806228638], "accuracy": [0.9303083419799805, 0.950648307800293, 0.9538474678993225, 0.9553350210189819, 0.9566071629524231, 0.9576631784439087, 0.9579418301582336, 0.9581310153007507, 0.9586986303329468, 0.9593890905380249, 0.9598161578178406, 0.9598398804664612, 0.9604707956314087, 0.9607051610946655, 0.9607744812965393, 0.9608853459358215, 0.9613772630691528, 0.9616954326629639, 0.9616976976394653, 0.9620634913444519, 0.9627500176429749, 0.9626941084861755, 0.9629051685333252, 0.9628547430038452, 0.9632651209831238, 0.9631531238555908, 0.9633958339691162, 0.963585376739502, 0.96355140209198, 0.963941752910614], "val_loss": [0.4110627770423889, 0.35157665610313416, 0.3489251136779785, 0.3221615254878998, 0.3031192421913147, 0.30664974451065063, 0.3061824142932892, 0.3017355799674988, 0.31973907351493835, 0.30481892824172974, 0.3049013912677765, 0.2977626919746399, 0.3127286732196808, 0.3177548050880432, 0.3213110566139221, 0.31175974011421204, 0.335450142621994, 0.331984281539917, 0.32188525795936584, 0.3287864029407501, 0.3320450186729431, 0.300631046295166, 0.35352542996406555, 0.3338468670845032, 0.31772634387016296, 0.33759382367134094, 0.3734595775604248, 0.3275383412837982, 0.36018797755241394, 0.3389970362186432], "val_sensitivity": [0.5535171627998352, 0.601730227470398, 0.600774884223938, 0.5984951257705688, 0.6327670216560364, 0.5940862894058228, 0.6298516392707825, 0.6228260397911072, 0.5690692663192749, 0.6075943112373352, 0.5950345993041992, 0.6139971017837524, 0.5794535279273987, 0.556033730506897, 0.5733180642127991, 0.5720237493515015, 0.5323959589004517, 0.5239640474319458, 0.5548520684242249, 0.5275868773460388, 0.5375345349311829, 0.5855472087860107, 0.48215407133102417, 0.5296079516410828, 0.5529986619949341, 0.5274880528450012, 0.45879900455474854, 0.5341110825538635, 0.4740888774394989, 0.511360228061676], "val_specificity": [0.9702867865562439, 0.9717880487442017, 0.9749152660369873, 0.9781795740127563, 0.9759472608566284, 0.9809607863426208, 0.9761803150177002, 0.9782196283340454, 0.9824411869049072, 0.9796561598777771, 0.9808034300804138, 0.9799245595932007, 0.9817020893096924, 0.9843423962593079, 0.9813016653060913, 0.9829615950584412, 0.9859412908554077, 0.9868122935295105, 0.9850980639457703, 0.9861128926277161, 0.9852963089942932, 0.9833006262779236, 0.9882918000221252, 0.9857441782951355, 0.9855868816375732, 0.9851451516151428, 0.9893243312835693, 0.9867058396339417, 0.9890756011009216, 0.9875338673591614], "val_accuracy": [0.9431449174880981, 0.9483582973480225, 0.9511451125144958, 0.9543803334236145, 0.9542100429534912, 0.9558563828468323, 0.9544869661331177, 0.955711305141449, 0.9557956457138062, 0.9558151364326477, 0.9557082056999207, 0.9568784832954407, 0.9557195901870728, 0.956845223903656, 0.9553240537643433, 0.956269383430481, 0.9567919373512268, 0.9561800956726074, 0.957334578037262, 0.9565343260765076, 0.9566164612770081, 0.957697868347168, 0.9554347991943359, 0.9559555649757385, 0.9577169418334961, 0.9554193019866943, 0.9544658660888672, 0.9577187299728394, 0.9556137323379517, 0.9560602307319641]}