{"loss": [0.2872221767902374, 0.2277144491672516, 0.2146526277065277, 0.20526646077632904, 0.19899572432041168, 0.1945335417985916, 0.19139239192008972, 0.18853291869163513, 0.1864669770002365, 0.1842162311077118, 0.18320266902446747, 0.1810685098171234, 0.1792677491903305, 0.17801080644130707, 0.17666621506214142, 0.17501375079154968, 0.17465001344680786, 0.17331090569496155, 0.17260482907295227, 0.17249003052711487, 0.17074017226696014, 0.17053087055683136, 0.1697055846452713, 0.16869258880615234, 0.16833461821079254, 0.16776356101036072, 0.16752348840236664, 0.16676385700702667, 0.16590240597724915, 0.165574848651886, 0.16495902836322784, 0.16453447937965393, 0.16362586617469788, 0.1632625162601471, 0.16297735273838043, 0.1629202961921692, 0.16178090870380402, 0.16175910830497742, 0.16153335571289062, 0.16082388162612915, 0.1606370210647583, 0.1601596176624298, 0.15906700491905212, 0.1593538075685501, 0.1581754982471466, 0.15820999443531036, 0.15766873955726624, 0.1576298326253891, 0.1571127325296402, 0.15650376677513123], "sensitivity": [0.6993228793144226, 0.7495719194412231, 0.7582886815071106, 0.7636290192604065, 0.7679368853569031, 0.7715590596199036, 0.7746126651763916, 0.7780236601829529, 0.7799834609031677, 0.7825829982757568, 0.7841660976409912, 0.7857468128204346, 0.7871187329292297, 0.788014829158783, 0.7894982099533081, 0.7912284135818481, 0.7919833660125732, 0.7927736639976501, 0.7939000725746155, 0.793693482875824, 0.7960449457168579, 0.7963435053825378, 0.7973977327346802, 0.7976494431495667, 0.7986804842948914, 0.7994044423103333, 0.7995496392250061, 0.7999423742294312, 0.8013319969177246, 0.8016594052314758, 0.8024604916572571, 0.8025503754615784, 0.8037523627281189, 0.8044420480728149, 0.8045650720596313, 0.8046623468399048, 0.8059989213943481, 0.8058459162712097, 0.8064546585083008, 0.807314395904541, 0.8069533705711365, 0.8076987862586975, 0.80941241979599, 0.8085067868232727, 0.8102496862411499, 0.8099660277366638, 0.8102539777755737, 0.8107666373252869, 0.8114981651306152, 0.8119937777519226], "specificity": [0.9728697538375854, 0.9814704060554504, 0.9828812479972839, 0.9837172627449036, 0.9842219352722168, 0.9845054149627686, 0.9846193790435791, 0.9847874641418457, 0.984855055809021, 0.9849339127540588, 0.9849600195884705, 0.9851335287094116, 0.9852819442749023, 0.9854680895805359, 0.9855075478553772, 0.985608696937561, 0.9856099486351013, 0.9857486486434937, 0.9856938123703003, 0.9857742786407471, 0.9858019948005676, 0.9858277440071106, 0.9858788251876831, 0.9860315322875977, 0.9859817028045654, 0.9860323071479797, 0.9860321879386902, 0.9861653447151184, 0.9861729145050049, 0.9862075448036194, 0.9862391948699951, 0.9862515926361084, 0.986309826374054, 0.9862983822822571, 0.9864103198051453, 0.9864654541015625, 0.986432671546936, 0.9864782094955444, 0.9864971041679382, 0.9865065813064575, 0.9866445064544678, 0.9866158962249756, 0.9866836071014404, 0.9866701364517212, 0.9867035746574402, 0.9867821335792542, 0.9868621826171875, 0.9867854118347168, 0.9868251085281372, 0.9868972301483154], "accuracy": [0.9547121524810791, 0.9664408564567566, 0.9684205055236816, 0.9696627855300903, 0.9704335331916809, 0.9709404706954956, 0.9713044166564941, 0.9716625213623047, 0.9718716144561768, 0.9721263647079468, 0.9722269773483276, 0.9725270867347717, 0.9727535843849182, 0.9729827046394348, 0.9731190800666809, 0.9733619689941406, 0.9733760356903076, 0.9735986590385437, 0.9736388325691223, 0.9737085700035095, 0.9738857746124268, 0.9739161729812622, 0.9740390181541443, 0.974202573299408, 0.9742279052734375, 0.9743191003799438, 0.974342942237854, 0.9744718074798584, 0.9745603203773499, 0.9746335744857788, 0.9746910929679871, 0.974746823310852, 0.9748510122299194, 0.9748979210853577, 0.9750004410743713, 0.9750453233718872, 0.9751242399215698, 0.9751415252685547, 0.9751825332641602, 0.9752483367919922, 0.9753632545471191, 0.9753864407539368, 0.9755188226699829, 0.9754828810691833, 0.9756184816360474, 0.9756666421890259, 0.9757776260375977, 0.9757394194602966, 0.9757938981056213, 0.9759025573730469], "val_loss": [0.2577103078365326, 0.27518945932388306, 0.2355518490076065, 0.23350881040096283, 0.2325877547264099, 0.2333850860595703, 0.2294735610485077, 0.22821511328220367, 0.23031890392303467, 0.22705082595348358, 0.22229091823101044, 0.22854793071746826, 0.22900915145874023, 0.22778643667697906, 0.22940954566001892, 0.22473202645778656, 0.2302747368812561, 0.22192466259002686, 0.22020341455936432, 0.2185899168252945, 0.22398176789283752, 0.23518627882003784, 0.2232392281293869, 0.22108373045921326, 0.22027501463890076, 0.225021630525589, 0.22694528102874756, 0.22513359785079956, 0.23195183277130127, 0.22557103633880615, 0.22751764953136444, 0.2359742373228073, 0.21714308857917786, 0.21794015169143677, 0.22028706967830658, 0.22356735169887543, 0.22140337526798248, 0.229567751288414, 0.22021275758743286, 0.22131918370723724, 0.21467891335487366, 0.2239585518836975, 0.21512767672538757, 0.21723391115665436, 0.22244054079055786, 0.22200852632522583, 0.22183160483837128, 0.21404613554477692, 0.22634924948215485, 0.23276114463806152], "val_sensitivity": [0.6915004253387451, 0.6252124905586243, 0.716948926448822, 0.7225981950759888, 0.7025327086448669, 0.7185177803039551, 0.7324884533882141, 0.7216520309448242, 0.7000395655632019, 0.7148675322532654, 0.7617011666297913, 0.7004887461662292, 0.7061914205551147, 0.7151700258255005, 0.6971173882484436, 0.7201817035675049, 0.7102203369140625, 0.7253724336624146, 0.7330791354179382, 0.7436686158180237, 0.7201384902000427, 0.6870975494384766, 0.717274010181427, 0.7184657454490662, 0.7430354356765747, 0.7106297016143799, 0.7004815936088562, 0.7179439663887024, 0.6878058910369873, 0.7185960412025452, 0.7029674649238586, 0.6803938150405884, 0.7543880939483643, 0.755544900894165, 0.7441621422767639, 0.7268632054328918, 0.7310032844543457, 0.7200522422790527, 0.7354209423065186, 0.726592481136322, 0.7548485994338989, 0.7196696996688843, 0.7435670495033264, 0.7484269142150879, 0.7263270616531372, 0.7249401807785034, 0.7312026023864746, 0.7570659518241882, 0.7194356918334961, 0.699492335319519], "val_specificity": [0.982138454914093, 0.9880435466766357, 0.9828348755836487, 0.9827195405960083, 0.9853518009185791, 0.9830983281135559, 0.9819654226303101, 0.9832517504692078, 0.985480010509491, 0.9845919013023376, 0.9800662994384766, 0.985877513885498, 0.9855266809463501, 0.984475314617157, 0.9862658381462097, 0.9844468235969543, 0.9846621155738831, 0.9846118092536926, 0.9838464856147766, 0.9831319451332092, 0.984855055809021, 0.986909031867981, 0.985308825969696, 0.98540860414505, 0.9826853275299072, 0.9855803847312927, 0.9860939979553223, 0.9849385619163513, 0.9866572022438049, 0.9849714040756226, 0.9862695932388306, 0.98703533411026, 0.9827394485473633, 0.9818437099456787, 0.9827631115913391, 0.9844013452529907, 0.984553337097168, 0.9839128851890564, 0.9842479825019836, 0.9847011566162109, 0.9828039407730103, 0.9852402210235596, 0.9838640689849854, 0.9831377267837524, 0.9844880700111389, 0.9848771691322327, 0.9840529561042786, 0.982740581035614, 0.9847052097320557, 0.9856873154640198],