{"loss": [0.47274863719940186, 0.37112146615982056, 0.3507344722747803, 0.33057260513305664, 0.33419620990753174, 0.32604268193244934, 0.3100649118423462, 0.3080558776855469, 0.3002887964248657, 0.3086663782596588, 0.3077356815338135, 0.29311826825141907, 0.31023627519607544, 0.28075188398361206, 0.2804839313030243, 0.29385629296302795, 0.2841093838214874, 0.28417497873306274, 0.2871248126029968, 0.26399293541908264, 0.282665491104126, 0.2791968882083893, 0.2785378694534302, 0.2816164493560791, 0.26401421427726746, 0.2669742703437805, 0.2717294692993164, 0.266279011964798, 0.2560112476348877, 0.2705084979534149], "sensitivity": [0.534765899181366, 0.6116510033607483, 0.6235485672950745, 0.6389394998550415, 0.6421608924865723, 0.6431309580802917, 0.658575177192688, 0.6524950861930847, 0.6638000011444092, 0.6543567776679993, 0.6497865915298462, 0.6647311449050903, 0.6527348160743713, 0.6809210181236267, 0.6753149628639221, 0.6663167476654053, 0.6718328595161438, 0.6697828769683838, 0.6677637100219727, 0.694482684135437, 0.6709513068199158, 0.6742786765098572, 0.6720258593559265, 0.6699599623680115, 0.6903313994407654, 0.6875343918800354, 0.6807488203048706, 0.6891857385635376, 0.695732831954956, 0.6785591244697571], "specificity": [0.9568807482719421, 0.9704981446266174, 0.971824586391449, 0.9749917984008789, 0.9739759564399719, 0.9761689305305481, 0.9753066301345825, 0.9771255254745483, 0.9780581593513489, 0.9782276749610901, 0.9776407480239868, 0.9791849851608276, 0.9781554937362671, 0.9782029986381531, 0.9800083637237549, 0.978587806224823, 0.9804121851921082, 0.9798484444618225, 0.9792184233665466, 0.9799491763114929, 0.9796143770217896, 0.9794074296951294, 0.9804211854934692, 0.9786919355392456, 0.9805114269256592, 0.980126678943634, 0.9801720380783081, 0.9798489212989807, 0.9822794795036316, 0.9798966646194458], "accuracy": [0.9296965003013611, 0.9459409713745117, 0.9489343762397766, 0.9534772038459778, 0.9524187445640564, 0.9548037648200989, 0.9547786116600037, 0.955794095993042, 0.9582623839378357, 0.9579404592514038, 0.956937849521637, 0.959575891494751, 0.958785355091095, 0.9584446549415588, 0.9603145718574524, 0.959158182144165, 0.9618335366249084, 0.9610390067100525, 0.9597159028053284, 0.9613077044487, 0.9600753784179688, 0.9602110385894775, 0.9615530371665955, 0.9583922028541565, 0.9624617695808411, 0.9618068933486938, 0.9614812135696411, 0.9614459276199341, 0.9644508361816406, 0.960763156414032], "val_loss": [0.6012950539588928, 0.4171091318130493, 0.3836115598678589, 0.33128440380096436, 0.3749908208847046, 0.32377058267593384, 0.3312826454639435, 0.3344810903072357, 0.31368857622146606, 0.30555659532546997, 0.3280562162399292, 0.30289319157600403, 0.31682923436164856, 0.32107415795326233, 0.3065691888332367, 0.3120097815990448, 0.29776179790496826, 0.3197890520095825, 0.28908437490463257, 0.3023923933506012, 0.31273314356803894, 0.30822259187698364, 0.2952929437160492, 0.29956671595573425, 0.3028593063354492, 0.3182626962661743, 0.3082105815410614, 0.2692556381225586, 0.2899540364742279, 0.298216313123703], "val_sensitivity": [0.16058921813964844, 0.557358980178833, 0.5304417610168457, 0.6390877366065979, 0.7071169018745422, 0.6539760231971741, 0.5795191526412964, 0.6378752589225769, 0.6376491189002991, 0.6386773586273193, 0.5988135933876038, 0.6287053823471069, 0.6692860126495361, 0.6080833077430725, 0.7019301056861877, 0.6712953448295593, 0.6594013571739197, 0.5764137506484985, 0.7018041610717773, 0.6497750282287598, 0.6780632138252258, 0.6267736554145813, 0.6082742810249329, 0.6139957904815674, 0.6531383395195007, 0.6269291639328003, 0.6248914003372192, 0.67778480052948, 0.6488639712333679, 0.6063697934150696], "val_specificity": [0.9947173595428467, 0.9698224067687988, 0.9788559675216675, 0.9706360697746277, 0.9394053816795349, 0.9716523289680481, 0.9806408882141113, 0.9710742831230164, 0.975623369216919, 0.977559506893158, 0.9810717701911926, 0.9801185131072998, 0.9719094038009644, 0.9810497164726257, 0.9682851433753967, 0.9723808169364929, 0.9774936437606812, 0.9848179817199707, 0.9703904986381531, 0.9772253632545471, 0.9705393314361572, 0.9792891144752502, 0.9837968945503235, 0.9827060103416443, 0.9752680659294128, 0.9767592549324036, 0.9782353043556213, 0.9797447919845581, 0.9811192154884338, 0.9838940501213074], "val_accuracy": [0.9374154806137085, 0.944007933139801, 0.9516260623931885, 0.9504527449607849, 0.9271486401557922, 0.9527026414871216, 0.9558520317077637, 0.952772855758667, 0.9537529945373535, 0.9570238590240479, 0.958926796913147, 0.9587652683258057, 0.9546253681182861, 0.9587855339050293, 0.9531983137130737, 0.9536121487617493, 0.9578527808189392, 0.9609398245811462, 0.9540663957595825, 0.9572609663009644, 0.9533156156539917, 0.9574124217033386, 0.9610076546669006, 0.9598689675331116, 0.9561837315559387, 0.9572519063949585, 0.9566410183906555, 0.9617023468017578, 0.961988627910614, 0.9600790739059448]}