{"loss": [0.30119195580482483, 0.24620488286018372, 0.23305606842041016, 0.2260468602180481, 0.22066868841648102, 0.21605241298675537, 0.21169380843639374, 0.20915524661540985, 0.20626279711723328, 0.2027541697025299, 0.20182529091835022, 0.2002667486667633, 0.19772827625274658, 0.19644489884376526, 0.1946742683649063, 0.19340381026268005, 0.192660391330719, 0.19190232455730438, 0.1902664303779602, 0.18938374519348145, 0.18796566128730774, 0.1868024617433548, 0.18615101277828217, 0.18545208871364594, 0.1840246468782425, 0.18350380659103394, 0.18270227313041687, 0.18225152790546417, 0.18076962232589722, 0.18052221834659576, 0.1797969788312912, 0.17895419895648956, 0.17789487540721893, 0.17732037603855133, 0.1766790896654129, 0.1762290596961975, 0.175133615732193, 0.17481383681297302, 0.17431636154651642, 0.1733865886926651, 0.1728435605764389, 0.17203406989574432, 0.17138028144836426, 0.17082637548446655, 0.16993360221385956, 0.168906107544899, 0.1690150648355484, 0.16814516484737396, 0.16726964712142944, 0.16615960001945496], "sensitivity": [0.6685044169425964, 0.725395679473877, 0.7380015254020691, 0.7451102137565613, 0.7503384351730347, 0.7536280155181885, 0.7570451498031616, 0.7586489319801331, 0.7605932950973511, 0.7632550001144409, 0.763884961605072, 0.764569103717804, 0.7665358781814575, 0.7674449682235718, 0.7689197659492493, 0.7704351544380188, 0.7714910507202148, 0.7715169191360474, 0.7734780311584473, 0.7738530039787292, 0.7756781578063965, 0.7770640850067139, 0.7777788043022156, 0.7785953879356384, 0.7800273299217224, 0.7808794975280762, 0.7809140682220459, 0.7817725539207458, 0.7837194204330444, 0.7845930457115173, 0.7849594950675964, 0.7858980894088745, 0.7875049114227295, 0.7878143787384033, 0.7885417342185974, 0.7891300320625305, 0.7908844351768494, 0.7911043167114258, 0.7916952967643738, 0.7925283908843994, 0.7934414744377136, 0.7941077947616577, 0.7954094409942627, 0.7950525283813477, 0.7964767217636108, 0.7970824837684631, 0.797414243221283, 0.7986637353897095, 0.7992821335792542, 0.8005362749099731], "specificity": [0.9749719500541687, 0.9797613024711609, 0.9809605479240417, 0.9814948439598083, 0.9819068908691406, 0.9822690486907959, 0.982513427734375, 0.9826416969299316, 0.9829189777374268, 0.9831809997558594, 0.9832996726036072, 0.9834622740745544, 0.9836897253990173, 0.9837445020675659, 0.9838894605636597, 0.9839527010917664, 0.9839794039726257, 0.9841870069503784, 0.9842022061347961, 0.9843076467514038, 0.9843606352806091, 0.9844250679016113, 0.9844487905502319, 0.9844839572906494, 0.9845975637435913, 0.9846035242080688, 0.9847501516342163, 0.9847344160079956, 0.984809935092926, 0.9847804307937622, 0.9848717451095581, 0.9849318861961365, 0.9849713444709778, 0.9849818348884583, 0.985102117061615, 0.985099732875824, 0.9851719737052917, 0.9852485060691833, 0.9852770566940308, 0.9853017330169678, 0.9854423403739929, 0.9854934215545654, 0.985478401184082, 0.9856307506561279, 0.9856839776039124, 0.9858229756355286, 0.9857825636863708, 0.9858234524726868, 0.9859951734542847, 0.9860779643058777], "accuracy": [0.9540725350379944, 0.9625768661499023, 0.9646719694137573, 0.9657204151153564, 0.9664937257766724, 0.9671093821525574, 0.9676030874252319, 0.9678841829299927, 0.9682949781417847, 0.9687432050704956, 0.9688974022865295, 0.9691370129585266, 0.9694972038269043, 0.969630241394043, 0.9698730707168579, 0.9700152277946472, 0.9701221585273743, 0.9703350067138672, 0.9704763889312744, 0.9706114530563354, 0.9707897305488586, 0.9709186553955078, 0.9709812998771667, 0.9711045026779175, 0.9712799191474915, 0.9713528156280518, 0.9714801907539368, 0.9715563654899597, 0.9717345237731934, 0.9717392325401306, 0.971842885017395, 0.9719880223274231, 0.9721132516860962, 0.9721401929855347, 0.9722895622253418, 0.972330629825592, 0.9724994897842407, 0.9725890159606934, 0.9726487994194031, 0.9727340340614319, 0.9728668332099915, 0.9730112552642822, 0.9730854034423828, 0.973187267780304, 0.9733206033706665, 0.9734770655632019, 0.9734590649604797, 0.9735802412033081, 0.9737855195999146, 0.9739114046096802], "val_loss": [0.27174535393714905, 0.28976792097091675, 0.2510835528373718, 0.24098233878612518, 0.2424091249704361, 0.24989938735961914, 0.23502090573310852, 0.2497795671224594, 0.2355516105890274, 0.23659762740135193, 0.2332545816898346, 0.2317531853914261, 0.23220933973789215, 0.23140907287597656, 0.2284262329339981, 0.23706941306591034, 0.23380178213119507, 0.2303466945886612, 0.22958891093730927, 0.23059359192848206, 0.23543886840343475, 0.22933495044708252, 0.22629012167453766, 0.2218456268310547, 0.22506429255008698, 0.2278577983379364, 0.22656098008155823, 0.22488276660442352, 0.22199340164661407, 0.22464026510715485, 0.22248265147209167, 0.22137148678302765, 0.2250489592552185, 0.2289947122335434, 0.22588427364826202, 0.22566816210746765, 0.22325728833675385, 0.22406700253486633, 0.23228400945663452, 0.22453422844409943, 0.22689774632453918, 0.2222447693347931, 0.22573518753051758, 0.22441908717155457, 0.2264004945755005, 0.22243738174438477, 0.2231459617614746, 0.22736871242523193, 0.2227618396282196, 0.22960901260375977], "val_sensitivity": [0.6852600574493408, 0.5910112261772156, 0.6718965768814087, 0.7203429937362671, 0.6921014189720154, 0.6671789288520813, 0.7618481516838074, 0.6568742990493774, 0.7105094790458679, 0.7020753026008606, 0.7225354313850403, 0.7684264183044434, 0.7443439960479736, 0.7241889238357544, 0.7342203259468079, 0.7080734372138977, 0.7068514823913574, 0.7085351347923279, 0.7460902333259583, 0.7270050048828125, 0.6885954737663269, 0.708951473236084, 0.7285071611404419, 0.7585896849632263, 0.7354819774627686, 0.7072830200195312, 0.7295835018157959, 0.7310510277748108, 0.7517077326774597, 0.7209975719451904, 0.7498375177383423, 0.7640950679779053, 0.7255001664161682, 0.7181524634361267, 0.7235792279243469, 0.7252916693687439, 0.7294971942901611, 0.7243661880493164, 0.7067006230354309, 0.7214822173118591, 0.7100657224655151, 0.7406502366065979, 0.7218552827835083, 0.7194962501525879, 0.7188965082168579, 0.7586665749549866, 0.7169570922851562, 0.7197592854499817, 0.7294154763221741, 0.7053349018096924], "val_specificity": [0.9790077209472656, 0.9888347387313843, 0.9850425124168396, 0.9807659387588501, 0.9842110276222229, 0.9858856797218323, 0.9765738248825073, 0.9872639179229736, 0.9831799268722534, 0.9837709069252014, 0.9821130633354187, 0.976420521736145, 0.9794971346855164, 0.9822745323181152, 0.9816945195198059, 0.9832895398139954, 0.9839545488357544, 0.984483003616333, 0.9799622297286987, 0.9822998642921448, 0.9858257174491882, 0.9846004843711853, 0.9828540086746216, 0.9799941182136536, 0.9822666049003601, 0.9850202798843384, 0.9825801253318787, 0.9827228784561157, 0.980785071849823, 0.984184980392456, 0.9810570478439331, 0.979455828666687, 0.9834859371185303, 0.983475923538208, 0.9835444092750549, 0.9834708571434021, 0.9833410382270813, 0.983786940574646, 0.9844212532043457, 0.9841801524162292, 0.9849047064781189, 0.9824642539024353, 0.9837632179260254, 0.9843618273735046, 0.9843264222145081, 0.9798529148101807, 0.984829306602478, 0.9837856888771057, 0.9835137724876404, 0.9849146604537964],