{"loss": [0.3489479124546051, 0.23900358378887177, 0.2203410416841507, 0.21085800230503082, 0.20496900379657745, 0.1999063640832901, 0.1973412036895752, 0.1932479739189148, 0.19096307456493378, 0.18999962508678436, 0.18791505694389343, 0.18596459925174713, 0.1841801255941391, 0.18254320323467255, 0.18107423186302185, 0.1804545819759369, 0.1788855940103531, 0.17687617242336273, 0.1760444939136505, 0.1752132922410965, 0.1739516407251358, 0.17293114960193634, 0.17187078297138214, 0.1710115224123001, 0.16960476338863373, 0.16860485076904297, 0.1674187332391739, 0.1671675592660904, 0.16677100956439972, 0.1654057800769806], "sensitivity": [0.6549725532531738, 0.7346346974372864, 0.7595492005348206, 0.7712362408638, 0.7783173322677612, 0.7839456796646118, 0.7857069373130798, 0.7894101738929749, 0.7913874387741089, 0.7912139296531677, 0.792170524597168, 0.7932981252670288, 0.7942146062850952, 0.7949567437171936, 0.7949173450469971, 0.7936320304870605, 0.794292151927948, 0.7948615550994873, 0.7950351238250732, 0.7935677766799927, 0.7945154905319214, 0.794440507888794, 0.794240415096283, 0.7946083545684814, 0.7942187786102295, 0.7949188947677612, 0.7947268486022949, 0.7945556044578552, 0.7942890524864197, 0.7949686050415039], "specificity": [0.9555607438087463, 0.9787954688072205, 0.9799784421920776, 0.9806445837020874, 0.9810628294944763, 0.9814977049827576, 0.9818502068519592, 0.9822561740875244, 0.9825083613395691, 0.9826712608337402, 0.9830538034439087, 0.9832064509391785, 0.9834802746772766, 0.983740508556366, 0.9839692711830139, 0.9841460585594177, 0.9843537211418152, 0.9847232699394226, 0.9847537875175476, 0.9850398898124695, 0.9850834012031555, 0.9852777719497681, 0.9854358434677124, 0.9855172634124756, 0.9857928156852722, 0.9858872294425964, 0.9861449003219604, 0.9861447215080261, 0.9862493276596069, 0.9863189458847046], "accuracy": [0.9347168803215027, 0.9619297385215759, 0.9648275971412659, 0.9661861062049866, 0.9671151041984558, 0.9678764939308167, 0.9683312773704529, 0.9689764380455017, 0.9693573713302612, 0.9695014953613281, 0.9699372053146362, 0.9701666831970215, 0.9704771637916565, 0.9707764983177185, 0.9709911942481995, 0.9710847735404968, 0.9713156819343567, 0.9717088341712952, 0.9717496037483215, 0.9719218015670776, 0.9720458388328552, 0.9722171425819397, 0.9723427295684814, 0.972457766532898, 0.9726834297180176, 0.9728226661682129, 0.9730504155158997, 0.973063051700592, 0.9731022119522095, 0.9732635021209717], "val_loss": [0.7423841953277588, 0.37505224347114563, 0.21485072374343872, 0.20955607295036316, 0.20226557552814484, 0.19630084931850433, 0.19368545711040497, 0.19491593539714813, 0.19005580246448517, 0.19050222635269165, 0.1875222623348236, 0.18565179407596588, 0.18488235771656036, 0.181952565908432, 0.18663331866264343, 0.1802695244550705, 0.17955069243907928, 0.17755751311779022, 0.17732295393943787, 0.18521416187286377, 0.1772877722978592, 0.1787693351507187, 0.17703603208065033, 0.17316395044326782, 0.17499171197414398, 0.1733284443616867, 0.17447955906391144, 0.17734010517597198, 0.17168548703193665, 0.17275719344615936], "val_sensitivity": [0.07437758147716522, 0.580356776714325, 0.7565237879753113, 0.7389167547225952, 0.750741183757782, 0.8027548789978027, 0.7781808972358704, 0.7540925145149231, 0.8206272125244141, 0.757748007774353, 0.7981958985328674, 0.7903456687927246, 0.7611858248710632, 0.7806949019432068, 0.833372950553894, 0.7845866084098816, 0.7960120439529419, 0.811394453048706, 0.8142262697219849, 0.7431959509849548, 0.7701876163482666, 0.7521615624427795, 0.7941088080406189, 0.8068985342979431, 0.7800195813179016, 0.7665283679962158, 0.7930272221565247, 0.7716100811958313, 0.7970678806304932, 0.8128061294555664], "val_specificity": [0.9991329312324524, 0.9889286160469055, 0.9812994599342346, 0.9845243692398071, 0.9847099184989929, 0.9796080589294434, 0.9831228852272034, 0.985415518283844, 0.9786965250968933, 0.9859282374382019, 0.9819309711456299, 0.9832974076271057, 0.9865668416023254, 0.9849497079849243, 0.9777682423591614, 0.9847720861434937, 0.9836937785148621, 0.982410192489624, 0.9820895195007324, 0.9880564212799072, 0.9866519570350647, 0.9880054593086243, 0.9843945503234863, 0.9835110306739807, 0.9859515428543091, 0.9876731038093567, 0.9849805235862732, 0.9865151047706604, 0.9848689436912537, 0.9829209446907043], "val_accuracy": [0.9338783621788025, 0.9603010416030884, 0.9655744433403015, 0.967296302318573, 0.9683048129081726, 0.967228889465332, 0.9687769412994385, 0.9692251682281494, 0.9676435589790344, 0.9699035882949829, 0.9690438508987427, 0.9697722792625427, 0.9707729816436768, 0.9706193804740906, 0.967708170413971, 0.9707218408584595, 0.9705418944358826, 0.9704567193984985, 0.9703521728515625, 0.9708805084228516, 0.9714775681495667, 0.9714688062667847, 0.9710648655891418, 0.9711720943450928, 0.9714934825897217, 0.9721751809120178, 0.9715596437454224, 0.9714875817298889, 0.9717251658439636, 0.9710447788238525]}