{"loss": [0.2834792733192444, 0.22313381731510162, 0.2106669396162033, 0.20185939967632294, 0.19599470496177673, 0.19109806418418884, 0.1876935362815857, 0.1850622147321701, 0.18228089809417725, 0.18004131317138672, 0.17874328792095184, 0.17717349529266357, 0.17614397406578064, 0.1743343025445938, 0.17372021079063416, 0.17252333462238312, 0.171406090259552, 0.1703306883573532, 0.1698818802833557, 0.1689586341381073, 0.1688557118177414, 0.1672961562871933, 0.16668027639389038, 0.16649094223976135, 0.16601496934890747, 0.16512233018875122, 0.1646696776151657, 0.16380012035369873, 0.16428829729557037, 0.1628710776567459, 0.16223585605621338, 0.1619744449853897, 0.16112405061721802, 0.16098275780677795, 0.16032952070236206, 0.16028079390525818, 0.15957190096378326, 0.15924888849258423, 0.15873369574546814, 0.158604234457016, 0.15810590982437134, 0.15762391686439514, 0.15704214572906494, 0.15660715103149414, 0.15640825033187866, 0.15570573508739471, 0.15561358630657196, 0.15520310401916504, 0.15450268983840942, 0.15454746782779694], "sensitivity": [0.7085819840431213, 0.7549718022346497, 0.7639056444168091, 0.7689225077629089, 0.7724781036376953, 0.7763781547546387, 0.779180109500885, 0.7806779742240906, 0.7833752036094666, 0.7853124141693115, 0.7867938280105591, 0.7881048321723938, 0.7893081307411194, 0.7910574674606323, 0.7918886542320251, 0.7930076122283936, 0.7946727871894836, 0.7959067821502686, 0.796506941318512, 0.7975374460220337, 0.7980355620384216, 0.7995290160179138, 0.8003296852111816, 0.8007310628890991, 0.8015680313110352, 0.8020440340042114, 0.802814245223999, 0.8037461042404175, 0.8031911253929138, 0.8050013780593872, 0.8052793145179749, 0.8058473467826843, 0.8071111440658569, 0.8067272901535034, 0.80802983045578, 0.8075041770935059, 0.8088226318359375, 0.8097179532051086, 0.8097508549690247, 0.8102219700813293, 0.810793936252594, 0.8103871941566467, 0.8121746778488159, 0.8119922876358032, 0.8128743171691895, 0.8133646249771118, 0.8133991360664368, 0.8141693472862244, 0.8145303130149841, 0.8149520754814148], "specificity": [0.9733054637908936, 0.9818024635314941, 0.983171820640564, 0.9840517640113831, 0.9844626188278198, 0.9847848415374756, 0.9850244522094727, 0.9852645397186279, 0.9854016304016113, 0.9854920506477356, 0.9855914115905762, 0.9856849908828735, 0.9857325553894043, 0.985791027545929, 0.9858707189559937, 0.9859691262245178, 0.9859658479690552, 0.9860466718673706, 0.985992968082428, 0.9860913157463074, 0.9860246181488037, 0.986155092716217, 0.9861665964126587, 0.9861872792243958, 0.9862139821052551, 0.9863491654396057, 0.9863168001174927, 0.9863273501396179, 0.9863622784614563, 0.9863837361335754, 0.9864714741706848, 0.9864816069602966, 0.9865210652351379, 0.9865720272064209, 0.9865586757659912, 0.9866557717323303, 0.9865827560424805, 0.9866119623184204, 0.9866709113121033, 0.9866700172424316, 0.9867274761199951, 0.9868682622909546, 0.9867168068885803, 0.9868780970573425, 0.9868288636207581, 0.9868837594985962, 0.9868879318237305, 0.9869332909584045, 0.9870533347129822, 0.9869834780693054], "accuracy": [0.9556835889816284, 0.967025876045227, 0.9690108895301819, 0.9702574610710144, 0.9708998799324036, 0.971478283405304, 0.9719122052192688, 0.9722393751144409, 0.9725518226623535, 0.9727766513824463, 0.9729889035224915, 0.9731716513633728, 0.9733020067214966, 0.9735117554664612, 0.9736328125, 0.9737919569015503, 0.9738860130310059, 0.9740628004074097, 0.9740269184112549, 0.9742149114608765, 0.9741875529289246, 0.9744006991386414, 0.9744789600372314, 0.9744958877563477, 0.9745932221412659, 0.9747278094291687, 0.9747507572174072, 0.9748566746711731, 0.9748357534408569, 0.9749658703804016, 0.975102424621582, 0.975119948387146, 0.9752353429794312, 0.9752795100212097, 0.9753319621086121, 0.9754212498664856, 0.9754157066345215, 0.9754894375801086, 0.9755772352218628, 0.9755614995956421, 0.9756564497947693, 0.9757853150367737, 0.9757483601570129, 0.9758867025375366, 0.9758774638175964, 0.9759804010391235, 0.9759818911552429, 0.9760646224021912, 0.9761887192726135, 0.9761692881584167], "val_loss": [0.25078150629997253, 0.24050292372703552, 0.2339070439338684, 0.26474589109420776, 0.2271798551082611, 0.22820419073104858, 0.2285119742155075, 0.2226441502571106, 0.22660024464130402, 0.2235337793827057, 0.23419418931007385, 0.22421441972255707, 0.22338250279426575, 0.22364141047000885, 0.22808711230754852, 0.22143343091011047, 0.24454352259635925, 0.2264995127916336, 0.2231982946395874, 0.2189013659954071, 0.22830432653427124, 0.2205684781074524, 0.21964482963085175, 0.21856315433979034, 0.22498585283756256, 0.215520441532135, 0.2178722620010376, 0.23008865118026733, 0.22197498381137848, 0.22073516249656677, 0.23367533087730408, 0.23439152538776398, 0.22380267083644867, 0.22399117052555084, 0.21978157758712769, 0.21894283592700958, 0.22230839729309082, 0.21693380177021027, 0.22868743538856506, 0.21567820012569427, 0.22284464538097382, 0.24097095429897308, 0.22032557427883148, 0.21974049508571625, 0.22277027368545532, 0.2194707840681076, 0.22231782972812653, 0.223313108086586, 0.219452902674675, 0.2265748828649521], "val_sensitivity": [0.7390403747558594, 0.7058594822883606, 0.7199627757072449, 0.6232327222824097, 0.7451018691062927, 0.7313762307167053, 0.7112228870391846, 0.7479472756385803, 0.7214220762252808, 0.7296590209007263, 0.6798390746116638, 0.7208478450775146, 0.7104366421699524, 0.7117291688919067, 0.6926445960998535, 0.72502601146698, 0.6553860902786255, 0.7088241577148438, 0.7103304266929626, 0.7270049452781677, 0.6945973634719849, 0.7272211313247681, 0.7375268340110779, 0.7315982580184937, 0.7049160599708557, 0.7476382255554199, 0.7410329580307007, 0.6848040223121643, 0.7130252718925476, 0.7185829281806946, 0.6829847097396851, 0.6710798144340515, 0.7117069959640503, 0.7054835557937622, 0.721778154373169, 0.71574467420578, 0.7181193232536316, 0.7267395257949829, 0.6884140968322754, 0.7389509081840515, 0.7071531414985657, 0.6612383127212524, 0.7276248931884766, 0.7301058769226074, 0.7104455232620239, 0.7228914499282837, 0.7083057761192322, 0.7061527371406555, 0.71445631980896, 0.7020971775054932], "val_specificity": [0.9766777753829956, 0.9836294054985046, 0.9828933477401733, 0.988431990146637, 0.9811422824859619, 0.9823387265205383, 0.9846814274787903, 0.9819257259368896, 0.9839807748794556, 0.9834232926368713, 0.986777126789093, 0.9843059182167053, 0.9858308434486389, 0.9854745864868164, 0.9868335723876953, 0.9843586087226868, 0.9881308674812317, 0.9853969216346741, 0.9857223033905029, 0.9846357107162476, 0.9867172241210938, 0.9847838282585144, 0.9835526943206787, 0.9843289256095886, 0.9861952662467957, 0.9832128286361694, 0.9834603667259216, 0.9874443411827087, 0.9859018325805664, 0.9855153560638428, 0.9873688817024231, 0.9878072738647461, 0.9856563210487366, 0.986116886138916, 0.9850867390632629, 0.9861127138137817, 0.9853545427322388, 0.9851548075675964, 0.9872235655784607, 0.9843384623527527, 0.986200749874115, 0.9882288575172424, 0.9846379160881042, 0.9845195412635803, 0.9862627387046814, 0.9852837324142456, 0.986415445804596, 0.9862642884254456, 0.9859248399734497, 0.9863885641098022],