{"loss": [0.42558684945106506, 0.3325697183609009, 0.30926185846328735, 0.28740978240966797, 0.28432396054267883, 0.2682156562805176, 0.27240875363349915, 0.2665098011493683, 0.2684980630874634, 0.25702905654907227, 0.2553291320800781, 0.2566697597503662, 0.24894121289253235, 0.25413355231285095, 0.24579238891601562, 0.24522821605205536, 0.25464579463005066, 0.2370237559080124, 0.25087976455688477, 0.24583779275417328, 0.23626041412353516, 0.24175810813903809, 0.23311848938465118, 0.23617970943450928, 0.23448888957500458, 0.22845403850078583, 0.2322336584329605, 0.2270401120185852, 0.23100318014621735, 0.21908709406852722, 0.22873996198177338, 0.2246427834033966, 0.21658030152320862, 0.22828897833824158, 0.22422316670417786, 0.23326139152050018, 0.22923053801059723, 0.21746423840522766, 0.21463729441165924, 0.2269284874200821, 0.22041882574558258, 0.21858744323253632, 0.22092047333717346, 0.2299310564994812, 0.22024783492088318, 0.22611799836158752, 0.21724748611450195, 0.21711856126785278, 0.22307966649532318, 0.22252048552036285], "sensitivity": [0.5850728154182434, 0.6388625502586365, 0.6634712219238281, 0.6821597218513489, 0.6800520420074463, 0.6949882507324219, 0.6907610297203064, 0.697151243686676, 0.68803870677948, 0.7001588940620422, 0.7020323276519775, 0.7035903930664062, 0.7081924080848694, 0.7042601108551025, 0.7124886512756348, 0.7108867764472961, 0.6994274258613586, 0.7157616019248962, 0.7015580534934998, 0.7078645825386047, 0.7176374793052673, 0.713128924369812, 0.718731164932251, 0.7169681787490845, 0.7183704972267151, 0.7234084010124207, 0.7221401929855347, 0.7290322780609131, 0.7207347750663757, 0.7337338328361511, 0.7242454886436462, 0.7297135591506958, 0.7375898361206055, 0.7254480123519897, 0.726499617099762, 0.7198928594589233, 0.7218498587608337, 0.7319639325141907, 0.7388443350791931, 0.7256958484649658, 0.730962336063385, 0.7323777675628662, 0.7289976477622986, 0.7231484055519104, 0.7331202030181885, 0.7243351340293884, 0.7291489839553833, 0.7352991104125977, 0.7258037328720093, 0.7244883179664612], "specificity": [0.9519464373588562, 0.9741068482398987, 0.9770035147666931, 0.9765265583992004, 0.9789678454399109, 0.9795730113983154, 0.9797145128250122, 0.9795798063278198, 0.9808048009872437, 0.9813061952590942, 0.9815150499343872, 0.9813055992126465, 0.9821793437004089, 0.982421875, 0.9819890856742859, 0.9817686676979065, 0.9832499027252197, 0.9838654398918152, 0.9825421571731567, 0.982279360294342, 0.9829533100128174, 0.9821560382843018, 0.9837180972099304, 0.9834089279174805, 0.9836527705192566, 0.9832438230514526, 0.9832777380943298, 0.983626663684845, 0.9843756556510925, 0.9828989505767822, 0.9841054081916809, 0.9826496243476868, 0.9833064079284668, 0.9837386608123779, 0.9838213920593262, 0.9845898747444153, 0.9844793081283569, 0.984359860420227, 0.9842946529388428, 0.9833322167396545, 0.9844839572906494, 0.983887255191803, 0.9844955801963806, 0.9840821623802185, 0.9844109416007996, 0.9846554398536682, 0.9843190312385559, 0.9838486313819885, 0.9842051267623901, 0.9849413633346558], "accuracy": [0.9279136657714844, 0.9521413445472717, 0.9566513895988464, 0.9569271802902222, 0.9601395130157471, 0.9614108800888062, 0.9615570306777954, 0.9611397981643677, 0.9624506235122681, 0.9637137055397034, 0.9641687273979187, 0.9640105962753296, 0.9647689461708069, 0.9652236104011536, 0.9650481343269348, 0.9651505351066589, 0.9667440056800842, 0.9677184820175171, 0.965474545955658, 0.965395987033844, 0.9669864177703857, 0.9655701518058777, 0.9676575660705566, 0.9674440622329712, 0.9674655199050903, 0.9671632051467896, 0.9674847722053528, 0.9683593511581421, 0.9688005447387695, 0.966820478439331, 0.9685666561126709, 0.9665951132774353, 0.9677355885505676, 0.9684885740280151, 0.968451738357544, 0.9697778820991516, 0.9695723056793213, 0.9690291881561279, 0.9693318605422974, 0.9677961468696594, 0.9694623947143555, 0.9683306813240051, 0.9695090055465698, 0.968651533126831, 0.9695063829421997, 0.9697005748748779, 0.9688336253166199, 0.9685187339782715, 0.9688605666160583, 0.9698979258537292], "val_loss": [0.48515161871910095, 0.35674911737442017, 0.33635422587394714, 0.3017942011356354, 0.2943636178970337, 0.2950439751148224, 0.28241392970085144, 0.2963196039199829, 0.28062355518341064, 0.29562145471572876, 0.281826376914978, 0.26620838046073914, 0.27035751938819885, 0.27365800738334656, 0.2633117437362671, 0.2645752727985382, 0.27459195256233215, 0.2693571448326111, 0.2582697570323944, 0.26649194955825806, 0.26202401518821716, 0.26442593336105347, 0.2546071708202362, 0.2597450613975525, 0.2611842751502991, 0.2561599910259247, 0.24011951684951782, 0.26126882433891296, 0.258102148771286, 0.2692035138607025, 0.2647506594657898, 0.2506997287273407, 0.25980061292648315, 0.24134603142738342, 0.26549193263053894, 0.256683886051178, 0.2625725567340851, 0.2610393762588501, 0.25941428542137146, 0.2653339207172394, 0.25108206272125244, 0.24405831098556519, 0.2507062256336212, 0.24629448354244232, 0.24500508606433868, 0.25090309977531433, 0.245745450258255, 0.23466137051582336, 0.2605794072151184, 0.24890534579753876], "val_sensitivity": [0.3591437339782715, 0.5781015753746033, 0.5385780334472656, 0.6513933539390564, 0.6807107925415039, 0.6131365895271301, 0.708936333656311, 0.7244715690612793, 0.6910136938095093, 0.633845865726471, 0.7197127342224121, 0.6714388728141785, 0.717075765132904, 0.7078765034675598, 0.6986391544342041, 0.7248761057853699, 0.6855047345161438, 0.6819696426391602, 0.684788703918457, 0.655511736869812, 0.6788177490234375, 0.6688944697380066, 0.7299310564994812, 0.6743399500846863, 0.6849329471588135, 0.6691566109657288, 0.6903461217880249, 0.6644238233566284, 0.6907631754875183, 0.6525412201881409, 0.6774994730949402, 0.7365556359291077, 0.6623638868331909, 0.734161913394928, 0.6376501321792603, 0.6582332849502563, 0.6562134027481079, 0.7240171432495117, 0.6948561668395996, 0.6478644013404846, 0.6977502703666687, 0.6742575168609619, 0.7184149622917175, 0.7200998663902283, 0.706116259098053, 0.6870344877243042, 0.7413459420204163, 0.7457989454269409, 0.6528095006942749, 0.6856945157051086], "val_specificity": [0.9890381693840027, 0.9765289425849915, 0.987289309501648, 0.9762652516365051, 0.9740568995475769, 0.9847424626350403, 0.9727625846862793, 0.9681904911994934, 0.9750791192054749, 0.9819091558456421, 0.9723673462867737, 0.9821746945381165, 0.9744912385940552, 0.9741739630699158, 0.9783779382705688, 0.9738344550132751, 0.9793511033058167, 0.9798654913902283, 0.9824175834655762, 0.9838540554046631, 0.9812314510345459, 0.9840176105499268, 0.9768743515014648, 0.9839150905609131, 0.9819321036338806, 0.9843357801437378, 0.9845342636108398, 0.9834837913513184, 0.9810168147087097, 0.9840275645256042, 0.982869029045105, 0.9760125279426575, 0.9843748807907104, 0.9774095416069031, 0.9865957498550415, 0.9855514168739319, 0.9851395487785339, 0.9755766987800598, 0.9805997610092163, 0.9856403470039368, 0.982681155204773, 0.9850694537162781, 0.9793764352798462, 0.9800087213516235, 0.98302161693573, 0.9818230271339417, 0.9784520864486694, 0.9777940511703491, 0.9858034253120422, 0.9844059944152832],