{"loss": [0.4257427155971527, 0.32584190368652344, 0.3051961362361908, 0.2942814826965332, 0.28631168603897095, 0.2809096872806549, 0.2770586907863617, 0.272946834564209, 0.26934272050857544, 0.26697683334350586, 0.26481524109840393, 0.2622179090976715, 0.2599033713340759, 0.25759825110435486, 0.25551414489746094, 0.25333371758461, 0.251809298992157, 0.24963659048080444, 0.24848254024982452, 0.24660572409629822, 0.24416732788085938, 0.24300317466259003, 0.2417420893907547, 0.23866921663284302, 0.23685304820537567, 0.23516441881656647, 0.23542407155036926, 0.2328086793422699, 0.23003704845905304, 0.2314116209745407], "sensitivity": [0.570982038974762, 0.6408677697181702, 0.6689039468765259, 0.6800072193145752, 0.6881275177001953, 0.6916810274124146, 0.6935768723487854, 0.6962074041366577, 0.6985032558441162, 0.6975430846214294, 0.6985459923744202, 0.6984810829162598, 0.6973171830177307, 0.6988915205001831, 0.6989322304725647, 0.6978335976600647, 0.6975888609886169, 0.6971854567527771, 0.6963679194450378, 0.6955645680427551, 0.6943914890289307, 0.693733274936676, 0.694561779499054, 0.694446325302124, 0.6934657096862793, 0.6922940015792847, 0.6925594210624695, 0.6921444535255432, 0.6943580508232117, 0.6926131248474121], "specificity": [0.9503291249275208, 0.9730465412139893, 0.9740176796913147, 0.9751294255256653, 0.9756717681884766, 0.9763308167457581, 0.9768410921096802, 0.9774380922317505, 0.9778703451156616, 0.9783081412315369, 0.9786133170127869, 0.9790579676628113, 0.9798323512077332, 0.9798783659934998, 0.9803372621536255, 0.9809087514877319, 0.9811398386955261, 0.9816763401031494, 0.9819316864013672, 0.9825920462608337, 0.9831702709197998, 0.9834538698196411, 0.9836600422859192, 0.9842238426208496, 0.9847233891487122, 0.9852287173271179, 0.9850658178329468, 0.9859027862548828, 0.9861665368080139, 0.9858874082565308], "accuracy": [0.9240073561668396, 0.949924886226654, 0.9527596235275269, 0.9545540809631348, 0.9556676149368286, 0.9564715623855591, 0.9571053385734558, 0.9578173160552979, 0.9583922624588013, 0.9587563872337341, 0.9590820670127869, 0.9595309495925903, 0.9601470232009888, 0.960294783115387, 0.9607253074645996, 0.9611961245536804, 0.9614020586013794, 0.9618307948112488, 0.9620727300643921, 0.9625934362411499, 0.963050365447998, 0.9632787704467773, 0.9635035991668701, 0.9640811085700989, 0.9644615650177002, 0.9648599624633789, 0.9647430777549744, 0.9654509425163269, 0.9658854007720947, 0.9655250906944275], "val_loss": [0.7641569972038269, 0.4113808274269104, 0.29074981808662415, 0.29867810010910034, 0.2704053521156311, 0.2688000500202179, 0.26069366931915283, 0.26425251364707947, 0.257000207901001, 0.2557893395423889, 0.254038006067276, 0.24830731749534607, 0.26255089044570923, 0.2501771152019501, 0.25152742862701416, 0.24220027029514313, 0.24466019868850708, 0.24369201064109802, 0.24757611751556396, 0.23864342272281647, 0.2527281641960144, 0.24175402522087097, 0.24372632801532745, 0.24040848016738892, 0.23641543090343475, 0.2469429075717926, 0.23801474273204803, 0.23509493470191956, 0.2489819973707199, 0.23763100802898407], "val_sensitivity": [0.03469673544168472, 0.46521466970443726, 0.6479659676551819, 0.7631089687347412, 0.6869083046913147, 0.7327800989151001, 0.7075397372245789, 0.7465702891349792, 0.7209059596061707, 0.7196136713027954, 0.6812933087348938, 0.7040724754333496, 0.6421447992324829, 0.707473874092102, 0.6784079670906067, 0.714859664440155, 0.7401173114776611, 0.6839856505393982, 0.6731934547424316, 0.7223162055015564, 0.6545085906982422, 0.6972673535346985, 0.6816568970680237, 0.6678106188774109, 0.6958281397819519, 0.6765161752700806, 0.7009129524230957, 0.6951042413711548, 0.6728975176811218, 0.728400468826294], "val_specificity": [0.9989662766456604, 0.9869422316551208, 0.9800838828086853, 0.9603548049926758, 0.9794396758079529, 0.9733787775039673, 0.9788950085639954, 0.9724888205528259, 0.9778144955635071, 0.9781757593154907, 0.9833370447158813, 0.9816548824310303, 0.9862430691719055, 0.9805806279182434, 0.9840337038040161, 0.9814163446426392, 0.9775770902633667, 0.9852171540260315, 0.9852606058120728, 0.981277346611023, 0.9869604110717773, 0.9840907454490662, 0.9855017066001892, 0.9876981377601624, 0.9849798679351807, 0.9855139255523682, 0.9837201833724976, 0.9851790070533752, 0.9852836728096008, 0.9805606603622437], "val_accuracy": [0.9313697218894958, 0.9505152702331543, 0.9569076299667358, 0.9466102123260498, 0.9590097665786743, 0.956596314907074, 0.9599375128746033, 0.9567363262176514, 0.9598658680915833, 0.9601327180862427, 0.9622578620910645, 0.9622727632522583, 0.9621872901916504, 0.9614841341972351, 0.9626710414886475, 0.9628115892410278, 0.9610033631324768, 0.9641678929328918, 0.9634463787078857, 0.9632008671760559, 0.9637572765350342, 0.96404629945755, 0.9642544388771057, 0.9653627276420593, 0.9647909998893738, 0.9638805389404297, 0.9639955163002014, 0.9649419188499451, 0.9634149074554443, 0.9629489779472351]}