{"loss": [0.4430469274520874, 0.3342394530773163, 0.31446772813796997, 0.3058183491230011, 0.28400900959968567, 0.2879725396633148, 0.2808157801628113, 0.27789896726608276, 0.27024927735328674, 0.2712250351905823, 0.2681191563606262, 0.26088544726371765, 0.25399401783943176, 0.2546485662460327, 0.25782379508018494, 0.2578405439853668, 0.2659463882446289, 0.24729658663272858, 0.24460072815418243, 0.23812735080718994, 0.23945699632167816, 0.23955099284648895, 0.2361314594745636, 0.23667067289352417, 0.23992964625358582, 0.23154017329216003, 0.23150287568569183, 0.23313891887664795, 0.23932206630706787, 0.23804128170013428], "sensitivity": [0.5765829682350159, 0.640616774559021, 0.654354989528656, 0.6634970903396606, 0.6883578896522522, 0.6811501383781433, 0.6824986338615417, 0.687126100063324, 0.6897556185722351, 0.6913189888000488, 0.6949069499969482, 0.7018852233886719, 0.7118486166000366, 0.7048678398132324, 0.7030972838401794, 0.7019755244255066, 0.6957330703735352, 0.7142366766929626, 0.7177348732948303, 0.7189561724662781, 0.7200151085853577, 0.7199312448501587, 0.7233211398124695, 0.7203158736228943, 0.7203768491744995, 0.7275745272636414, 0.7261801362037659, 0.7250586152076721, 0.7205765247344971, 0.7189314961433411], "specificity": [0.9446316361427307, 0.9743394255638123, 0.9761114120483398, 0.9765157103538513, 0.9779359698295593, 0.9792958498001099, 0.9786211252212524, 0.9792793393135071, 0.9793455600738525, 0.9801394939422607, 0.9806231260299683, 0.9812236428260803, 0.9811562299728394, 0.9814947247505188, 0.9818897843360901, 0.9806380271911621, 0.981587290763855, 0.9826277494430542, 0.9821574687957764, 0.9825440049171448, 0.9819767475128174, 0.9824173450469971, 0.9837647080421448, 0.9820903539657593, 0.982731282711029, 0.9827698469161987, 0.9835456609725952, 0.9825206995010376, 0.982211709022522, 0.9820429682731628], "accuracy": [0.9204708337783813, 0.9524010419845581, 0.9555591344833374, 0.9566416144371033, 0.9590412378311157, 0.9603521823883057, 0.9598716497421265, 0.9607598185539246, 0.960340678691864, 0.9625311493873596, 0.9624427556991577, 0.9636438488960266, 0.964123547077179, 0.9638926386833191, 0.9650025367736816, 0.963323712348938, 0.9641754031181335, 0.9658300876617432, 0.9655365943908691, 0.9658529758453369, 0.9654712080955505, 0.9664648175239563, 0.9677667617797852, 0.9658501148223877, 0.9660635590553284, 0.9667069911956787, 0.9678317904472351, 0.9661750793457031, 0.9658458232879639, 0.9655157327651978], "val_loss": [0.7163037657737732, 0.3391415476799011, 0.3395167887210846, 0.32909736037254333, 0.32198357582092285, 0.30406975746154785, 0.30682387948036194, 0.3182678520679474, 0.28714802861213684, 0.2789081335067749, 0.28612086176872253, 0.28995999693870544, 0.29333144426345825, 0.2926003336906433, 0.284646213054657, 0.2888786196708679, 0.2729972004890442, 0.2777017652988434, 0.26846998929977417, 0.26695287227630615, 0.2670387625694275, 0.28446683287620544, 0.26609086990356445, 0.2814699113368988, 0.28336602449417114, 0.2701759934425354, 0.2751299738883972, 0.2761668264865875, 0.2615654468536377, 0.27396607398986816], "val_sensitivity": [0.05472056195139885, 0.5937517881393433, 0.6209309697151184, 0.643494188785553, 0.5833941102027893, 0.6252146363258362, 0.5834460258483887, 0.563789963722229, 0.6345053911209106, 0.6697981357574463, 0.6775333285331726, 0.6415164470672607, 0.5984460711479187, 0.6503517627716064, 0.6888558268547058, 0.6925861239433289, 0.677539050579071, 0.7074238657951355, 0.675825297832489, 0.6656370759010315, 0.689083993434906, 0.6649463772773743, 0.666775643825531, 0.610395073890686, 0.6051797270774841, 0.6569128036499023, 0.7121525406837463, 0.683661937713623, 0.716474175453186, 0.5987346768379211], "val_specificity": [0.9987666010856628, 0.9776307940483093, 0.9760422706604004, 0.9706149101257324, 0.9835513830184937, 0.9802860617637634, 0.9846393465995789, 0.9863665699958801, 0.981884777545929, 0.9805454015731812, 0.976737916469574, 0.9804924130439758, 0.9868661761283875, 0.9791328310966492, 0.9744369387626648, 0.9738017916679382, 0.9784850478172302, 0.9746944904327393, 0.980553150177002, 0.9827587008476257, 0.980949342250824, 0.9794796109199524, 0.9836009740829468, 0.9856269955635071, 0.9868344664573669, 0.9825235605239868, 0.9758312106132507, 0.9790939092636108, 0.9771261811256409, 0.9889153242111206], "val_accuracy": [0.9347485899925232, 0.9539757370948792, 0.9547351598739624, 0.9525748491287231, 0.9597374200820923, 0.9585757255554199, 0.9599582552909851, 0.9596031308174133, 0.960593044757843, 0.9624601602554321, 0.9594014883041382, 0.9608644843101501, 0.9628127217292786, 0.9595011472702026, 0.9575739502906799, 0.958098828792572, 0.9606001377105713, 0.960372805595398, 0.9633849859237671, 0.9640457630157471, 0.964773416519165, 0.9619591236114502, 0.9659528732299805, 0.9632654786109924, 0.963836133480072, 0.9633516073226929, 0.9614506363868713, 0.9627187848091125, 0.961821973323822, 0.9652258157730103]}