{"loss": [0.30024847388267517, 0.2346000224351883, 0.21974699199199677, 0.21144993603229523, 0.20436307787895203, 0.19915972650051117, 0.19508756697177887, 0.1934833824634552, 0.19048747420310974, 0.18793828785419464, 0.18650777637958527, 0.18503731489181519, 0.18305954337120056, 0.18208469450473785, 0.18001654744148254, 0.1791907697916031, 0.1790398508310318, 0.1776915043592453, 0.17649944126605988, 0.17507824301719666, 0.17471490800380707, 0.1739262342453003, 0.17302268743515015, 0.17245227098464966, 0.17132356762886047, 0.17104722559452057, 0.17022374272346497, 0.1695307195186615, 0.16897498071193695, 0.1684921830892563], "sensitivity": [0.691840410232544, 0.7437754273414612, 0.7543596029281616, 0.7587018013000488, 0.7629926800727844, 0.7668578624725342, 0.7704817056655884, 0.7721293568611145, 0.7739331126213074, 0.7768996953964233, 0.7788339853286743, 0.7799708843231201, 0.7821218371391296, 0.7827914357185364, 0.7851650714874268, 0.7873362302780151, 0.7869249582290649, 0.788224995136261, 0.790005087852478, 0.7916216254234314, 0.7915204167366028, 0.7930302619934082, 0.7940127849578857, 0.7939587235450745, 0.7959057092666626, 0.7957823276519775, 0.7977944612503052, 0.7977287769317627, 0.7991988658905029, 0.7992693781852722], "specificity": [0.9706953763961792, 0.9807192087173462, 0.9823921918869019, 0.9833047389984131, 0.9838805198669434, 0.9843632578849792, 0.9845492839813232, 0.9845611453056335, 0.9848531484603882, 0.9850119948387146, 0.9849561452865601, 0.9850531220436096, 0.9851664304733276, 0.9852620363235474, 0.9853132367134094, 0.9852132201194763, 0.9852578639984131, 0.985358715057373, 0.9853816628456116, 0.9854413270950317, 0.985569417476654, 0.985456109046936, 0.985558807849884, 0.9856446981430054, 0.9856187105178833, 0.985686719417572, 0.9856237769126892, 0.9858229756355286, 0.9856727123260498, 0.9857950210571289], "accuracy": [0.952288806438446, 0.9652110934257507, 0.9676557779312134, 0.968859076499939, 0.9697281122207642, 0.9704251885414124, 0.970862865447998, 0.9709872007369995, 0.971432626247406, 0.9717676043510437, 0.9718406796455383, 0.9720094203948975, 0.9722793102264404, 0.9724008440971375, 0.9726040363311768, 0.9726707935333252, 0.9726919531822205, 0.9728990793228149, 0.9729956984519958, 0.9731573462486267, 0.9732996225357056, 0.973308265209198, 0.9734451770782471, 0.9735326766967773, 0.9736403226852417, 0.9736917018890381, 0.9737359285354614, 0.9739336967468262, 0.973868191242218, 0.9740150570869446], "val_loss": [0.24691106379032135, 0.23144853115081787, 0.22444088757038116, 0.227030947804451, 0.22412484884262085, 0.22776463627815247, 0.21839973330497742, 0.2195744663476944, 0.21220342814922333, 0.21678513288497925, 0.21161340177059174, 0.22480082511901855, 0.2258782982826233, 0.21507439017295837, 0.22458653151988983, 0.21901927888393402, 0.21766221523284912, 0.2213136851787567, 0.21733669936656952, 0.22388480603694916, 0.21417802572250366, 0.22991019487380981, 0.2262408435344696, 0.21638751029968262, 0.21935148537158966, 0.22485032677650452, 0.2114805281162262, 0.21040695905685425, 0.20800499618053436, 0.20926174521446228], "val_sensitivity": [0.728477418422699, 0.7213894128799438, 0.7501537203788757, 0.7056254744529724, 0.7202103137969971, 0.720028817653656, 0.7626639008522034, 0.7208670377731323, 0.7530116438865662, 0.7328874468803406, 0.7534854412078857, 0.6994971036911011, 0.6984744071960449, 0.7471597194671631, 0.7043632864952087, 0.7199602127075195, 0.7293919324874878, 0.7484249472618103, 0.7244307398796082, 0.7071607708930969, 0.7471100091934204, 0.6760900020599365, 0.7077473402023315, 0.7264904975891113, 0.7164380550384521, 0.6896523237228394, 0.7579677700996399, 0.7577560544013977, 0.7610062956809998, 0.7781389951705933], "val_specificity": [0.9792853593826294, 0.9832507967948914, 0.9809730052947998, 0.9860084652900696, 0.9848690629005432, 0.9846116304397583, 0.9806263446807861, 0.9854985475540161, 0.9833832383155823, 0.9846400618553162, 0.9831928014755249, 0.98689204454422, 0.9868771433830261, 0.9832833409309387, 0.9866020083427429, 0.9856447577476501, 0.9848012328147888, 0.9815648794174194, 0.9852628707885742, 0.9864804744720459, 0.9832451939582825, 0.9886046051979065, 0.9856017231941223, 0.9851377606391907, 0.98606938123703, 0.9878479242324829, 0.9827351570129395, 0.9829481244087219, 0.9831856489181519, 0.9809420704841614], "val_accuracy": [0.9629353880882263, 0.9661084413528442, 0.9662063121795654, 0.9675652980804443, 0.9676539897918701, 0.9674667716026306, 0.9667596220970154, 0.9682213664054871, 0.9684515595436096, 0.9683036208152771, 0.9684135317802429, 0.9680948853492737, 0.967867910861969, 0.9681603312492371, 0.9681815505027771, 0.9683740139007568, 0.9682405591011047, 0.9667358994483948, 0.968315601348877, 0.9682436585426331, 0.968132495880127, 0.9679598212242126, 0.9674915075302124, 0.968390703201294, 0.9685530066490173, 0.9682143926620483, 0.9683644771575928, 0.9685834646224976, 0.9689437747001648, 0.9681150317192078]}